Table 5,,,,,,,,,,,,,,,,,,,,,,,,,,,,,,,,,,,,,,,,,,,,,,,,,,,,,,,,,,,,,,,,,,,,,,,,,,,,,,,,,,,,,,,,,,,,,,,,,,,,,,,,,,,,,,,,,,,,,,,,,,,,,,,,,,,,,,,,,,,,,,,,,,,,,,,,,,,,,,,,,,,,,,,,,,,,,,,,,,,,,,,,,,,,,,,,,,,,,,,,,,,,,,,,,,,,,,,,,,,,,,,,,,,,,,,,,,,,,,,,,
,,,,,,,,,,,,,,,,,,,,,,,,,,,,,,,,,,,,,,,,,,,,,,,,,,,,,,,,,,,,,,,,,,,,,,,,,,,,,,,,,,,,,,,,,,,,,,,,,,,,,,,,,,,,,,,,,,,,,,,,,,,,,,,,,,,,,,,,,,,,,,,,,,,,,,,,,,,,,,,,,,,,,,,,,,,,,,,,,,,,,,,,,,,,,,,,,,,,,,,,,,,,,,,,,,,,,,,,,,,,,,,,,,,,,,,,,,,,,,,,,
Territorial authority data about individuals (part 3a) for all New Zealand,,,,,,,,,,,,,,,,,,,,,,,,,,,,,,,,,,,,,,,,,,,,,,,,,,,,,,,,,,,,,,,,,,,,,,,,,,,,,,,,,,,,,,,,,,,,,,,,,,,,,,,,,,,,,,,,,,,,,,,,,,,,,,,,,,,,,,,,,,,,,,,,,,,,,,,,,,,,,,,,,,,,,,,,,,,,,,,,,,,,,,,,,,,,,,,,,,,,,,,,,,,,,,,,,,,,,,,,,,,,,,,,,,,,,,,,,,,,,,,,,
By selected variables,,,,,,,,,,,,,,,,,,,,,,,,,,,,,,,,,,,,,,,,,,,,,,,,,,,,,,,,,,,,,,,,,,,,,,,,,,,,,,,,,,,,,,,,,,,,,,,,,,,,,,,,,,,,,,,,,,,,,,,,,,,,,,,,,,,,,,,,,,,,,,,,,,,,,,,,,,,,,,,,,,,,,,,,,,,,,,,,,,,,,,,,,,,,,,,,,,,,,,,,,,,,,,,,,,,,,,,,,,,,,,,,,,,,,,,,,,,,,,,,,
"2006, 2013, and 2018 Censuses",,,,,,,,,,,,,,,,,,,,,,,,,,,,,,,,,,,,,,,,,,,,,,,,,,,,,,,,,,,,,,,,,,,,,,,,,,,,,,,,,,,,,,,,,,,,,,,,,,,,,,,,,,,,,,,,,,,,,,,,,,,,,,,,,,,,,,,,,,,,,,,,,,,,,,,,,,,,,,,,,,,,,,,,,,,,,,,,,,,,,,,,,,,,,,,,,,,,,,,,,,,,,,,,,,,,,,,,,,,,,,,,,,,,,,,,,,,,,,,,,
,,,,,,,,,,,,,,,,,,,,,,,,,,,,,,,,,,,,,,,,,,,,,,,,,,,,,,,,,,,,,,,,,,,,,,,,,,,,,,,,,,,,,,,,,,,,,,,,,,,,,,,,,,,,,,,,,,,,,,,,,,,,,,,,,,,,,,,,,,,,,,,,,,,,,,,,,,,,,,,,,,,,,,,,,,,,,,,,,,,,,,,,,,,,,,,,,,,,,,,,,,,,,,,,,,,,,,,,,,,,,,,,,,,,,,,,,,,,,,,,,
Note: Footnotes for this table are on the 'Footnotes and symbols' tab in this workbook.,,,,,,,,,,,,,,,,,,,,,,,,,,,,,,,,,,,,,,,,,,,,,,,,,,,,,,,,,,,,,,,,,,,,,,,,,,,,,,,,,,,,,,,,,,,,,,,,,,,,,,,,,,,,,,,,,,,,,,,,,,,,,,,,,,,,,,,,,,,,,,,,,,,,,,,,,,,,,,,,,,,,,,,,,,,,,,,,,,,,,,,,,,,,,,,,,,,,,,,,,,,,,,,,,,,,,,,,,,,,,,,,,,,,,,,,,,,,,,,,,
,,,,,,,,,,,,,,,,,,,,,,,,,,,,,,,,,,,,,,,,,,,,,,,,,,,,,,,,,,,,,,,,,,,,,,,,,,,,,,,,,,,,,,,,,,,,,,,,,,,,,,,,,,,,,,,,,,,,,,,,,,,,,,,,,,,,,,,,,,,,,,,,,,,,,,,,,,,,,,,,,,,,,,,,,,,,,,,,,,,,,,,,,,,,,,,,,,,,,,,,,,,,,,,,,,,,,,,,,,,,,,,,,,,,,,,,,,,,,,,,,
Territorial authority code (2018 areas),Territorial authority description,"2006 Census, work and labour force status,(1)(8)
for the census usually resident population count aged 15 years and over(7)",,,,,,,"2013 Census, work and labour force status,(1)(8)
for the census usually resident population count aged 15 years and over(7)",,,,,,,"2018 Census, work and labour force status,(1)(8)
for the census usually resident population count aged 15 years and over(7)",,,,,,,"2006 Census, status in employment,(2)(9)
for the employed census usually resident population count aged 15 years and over(7)",,,,,,,"2013 Census, status in employment,(2)(9)
for the employed census usually resident population count aged 15 years and over(7)",,,,,,,"2018 Census, status in employment,(2)(9)
for the employed census usually resident population count aged 15 years and over(7)",,,,,,,"2006 Census, occupation(3)(6)(10)(11) by usual residence address,
for the employed census usually resident population count aged 15 years and over(7)",,,,,,,,,,,"2013 Census, occupation(3)(6)(10)(11) by usual residence address,
for the employed census usually resident population count aged 15 years and over(7)",,,,,,,,,,,"2018 Census, occupation(3)(6)(10)(11) by usual residence address,
for the employed census usually resident population count aged 15 years and over(7)",,,,,,,,,,,"2006 Census, occupation(3)(6)(10)(11) by workplace address,(5)(12)
for the employed census usually resident population count aged 15 years and over(7)",,,,,,,,,,,"2013 Census, occupation(3)(6)(10)(11) by workplace address,(5)(12)
for the employed census usually resident population count aged 15 years and over(7)",,,,,,,,,,,"2018 Census, occupation(3)(6)(10)(11) by workplace address,(5)(12)
for the employed census usually resident population count aged 15 years and over(7)",,,,,,,,,,,"2006 Census, industry(4)(6)(13)(14) by usual residence address
for the employed census usually resident population count aged 15 years and over(7)",,,,,,,,,,,,,,,,,,,,,,"2013 Census, industry(4)(6)(13)(14) by usual residence address
for the employed census usually resident population count aged 15 years and over(7)",,,,,,,,,,,,,,,,,,,,,,"2018 Census, industry(4)(6)(13)(14) by usual residence address
for the employed census usually resident population count aged 15 years and over(7)",,,,,,,,,,,,,,,,,,,,,,"2006 Census, industry(4)(6) by workplace address,(5)(12)(13)(14)
for the employed census usually resident population count aged 15 years and over(7)",,,,,,,,,,,,,,,,,,,,,,"2013 Census, industry(4)(6) by workplace address,(5)(12)(13)(14)
for the employed census usually resident population count aged 15 years and over(7)",,,,,,,,,,,,,,,,,,,,,,"2018 Census, industry(4)(6) by workplace address,(5)(12)(13)(14)
for the employed census usually resident population count aged 15 years and over(7)",,,,,,,,,,,,,,,,,,,,,
Area_Code,Area_Description,Employed Full time,Employed Part time,Unemployed,Not in the Labour Force,Total stated,Work and Labour Force Status Unidentifiable,Total,Employed Full time,Employed Part time,Unemployed,Not in the Labour Force,Total stated,Work and Labour Force Status Unidentifiable,Total,Employed Full time,Employed Part time,Unemployed,Not in the Labour Force,Total stated,Work and Labour Force Status Unidentifiable,Total,Paid employee,Employer,Self employed and without employees,Unpaid family worker,Total stated,Not elsewhere included,Total,Paid employee,Employer,Self employed and without employees,Unpaid family worker,Total stated,Not elsewhere included,Total,Paid employee,Employer,Self employed and without employees,Unpaid family worker,Total stated,Not elsewhere included,Total,Managers,Professionals,Technicians and Trades Workers,Community and Personal Service Workers,Clerical and Administrative Workers,Sales Workers,Machinery Operators and Drivers,Labourers,Total stated,Residual Categories Operational Codes only ,Total,Managers,Professionals,Technicians and Trades Workers,Community and Personal Service Workers,Clerical and Administrative Workers,Sales Workers,Machinery Operators and Drivers,Labourers,Total stated,Residual Categories Operational Codes only ,Total,Managers,Professionals,Technicians and Trades Workers,Community and Personal Service Workers,Clerical and Administrative Workers,Sales Workers,Machinery Operators and Drivers,Labourers,Total stated,Residual Categories Operational Codes only ,Total,Managers,Professionals,Technicians and Trades Workers,Community and Personal Service Workers,Clerical and Administrative Workers,Sales Workers,Machinery Operators and Drivers,Labourers,Total stated,Residual Categories Operational Codes only ,Total,Managers,Professionals,Technicians and Trades Workers,Community and Personal Service Workers,Clerical and Administrative Workers,Sales Workers,Machinery Operators and Drivers,Labourers,Total stated,Residual Categories Operational Codes only ,Total,Managers,Professionals,Technicians and Trades Workers,Community and Personal Service Workers,Clerical and Administrative Workers,Sales Workers,Machinery Operators and Drivers,Labourers,Total stated,Residual Categories Operational Codes only ,Total,Agriculture Forestry and Fishing,Mining,Manufacturing,Electricity Gas Water and Waste Services,Construction,Wholesale Trade,Retail Trade,Accommodation and Food Services,Transport Postal and Warehousing,Information Media and Telecommunications,Financial and Insurance Services,Rental Hiring and Real Estate Services,Professional Scientific and Technical Services,Administrative and Support Services,Public Administration and Safety,Education and Training,Health Care and Social Assistance,Arts and Recreation Services,Other Services,Total stated,Not Elsewhere Included,Total,Agriculture Forestry and Fishing,Mining,Manufacturing,Electricity Gas Water and Waste Services,Construction,Wholesale Trade,Retail Trade,Accommodation and Food Services,Transport Postal and Warehousing,Information Media and Telecommunications,Financial and Insurance Services,Rental Hiring and Real Estate Services,Professional Scientific and Technical Services,Administrative and Support Services,Public Administration and Safety,Education and Training,Health Care and Social Assistance,Arts and Recreation Services,Other Services,Total stated,Not Elsewhere Included,Total,Agriculture Forestry and Fishing,Mining,Manufacturing,Electricity Gas Water and Waste Services,Construction,Wholesale Trade,Retail Trade,Accommodation and Food Services,Transport Postal and Warehousing,Information Media and Telecommunications,Financial and Insurance Services,Rental Hiring and Real Estate Services,Professional Scientific and Technical Services,Administrative and Support Services,Public Administration and Safety,Education and Training,Health Care and Social Assistance,Arts and Recreation Services,Other Services,Total stated,Not Elsewhere Included,Total,Agriculture Forestry and Fishing,Mining,Manufacturing,Electricity Gas Water and Waste Services,Construction,Wholesale Trade,Retail Trade,Accommodation and Food Services,Transport Postal and Warehousing,Information Media and Telecommunications,Financial and Insurance Services,Rental Hiring and Real Estate Services,Professional Scientific and Technical Services,Administrative and Support Services,Public Administration and Safety,Education and Training,Health Care and Social Assistance,Arts and Recreation Services,Other Services,Total stated,Not Elsewhere Included,Total,Agriculture Forestry and Fishing,Mining,Manufacturing,Electricity Gas Water and Waste Services,Construction,Wholesale Trade,Retail Trade,Accommodation and Food Services,Transport Postal and Warehousing,Information Media and Telecommunications,Financial and Insurance Services,Rental Hiring and Real Estate Services,Professional Scientific and Technical Services,Administrative and Support Services,Public Administration and Safety,Education and Training,Health Care and Social Assistance,Arts and Recreation Services,Other Services,Total stated,Not Elsewhere Included,Total,Agriculture Forestry and Fishing,Mining,Manufacturing,Electricity Gas Water and Waste Services,Construction,Wholesale Trade,Retail Trade,Accommodation and Food Services,Transport Postal and Warehousing,Information Media and Telecommunications,Financial and Insurance Services,Rental Hiring and Real Estate Services,Professional Scientific and Technical Services,Administrative and Support Services,Public Administration and Safety,Education and Training,Health Care and Social Assistance,Arts and Recreation Services,Other Services,Total stated,Not Elsewhere Included,Total
001,Far North District,16758,5850,1911,14226,38748,3486,42237,15141,5757,2703,15612,39216,4131,43347,20163,7824,3387,19791,51168,3,51171,14319,2121,3906,1302,21645,963,22608,13452,1614,3774,1287,20124,780,20904,20739,1911,4113,1224,27984,0,27984,4764,3240,2607,1944,2139,1716,1149,3228,20784,1824,22608,4245,3414,2184,1983,1965,1575,966,3024,19365,1539,20904,5697,4848,3159,3204,2481,2346,1701,4545,27984,0,27984,4263,3024,1992,1593,1965,1518,711,2388,17454,648,18105,4176,3540,1917,1902,2133,1719,807,2652,18846,669,19518,5028,4227,2538,2538,2205,1881,1242,3513,23169,0,23169,3303,84,1560,195,1989,432,2184,1812,711,165,297,804,981,609,663,1899,1707,333,855,20592,2019,22608,3117,66,1200,231,1500,360,2040,1572,717,117,261,603,867,660,837,2076,2043,303,777,19350,1551,20904,3594,72,1920,312,2634,627,2700,2637,1053,129,345,696,1425,1269,1473,2670,2817,495,1125,27984,0,27984,2838,63,1335,153,1212,342,2013,1647,483,138,288,735,879,417,594,1926,1416,270,753,17505,594,18105,2931,60,1125,201,1182,345,2214,1566,702,114,495,645,837,558,879,2175,2004,288,744,19068,453,19518,3189,54,1536,258,2043,474,2214,2265,792,117,237,609,1221,954,1209,2226,2388,429,954,23169,0,23169
002,Whangarei District,25509,7905,2187,19194,54795,2712,57510,24447,7881,3225,21132,56682,3747,60429,32430,10353,3354,25704,71841,0,71841,24219,2814,4626,930,32586,831,33417,23865,2376,4437,918,31593,732,32325,34050,2676,5178,879,42780,0,42780,5697,5820,4740,2766,3903,3147,2055,3549,31674,1740,33417,5367,6540,4047,3033,3570,2691,1821,3660,30729,1596,32325,7158,8910,5931,4533,4470,3675,2934,5172,42780,0,42780,5091,5466,3684,2343,3702,2793,1464,2664,27204,741,27942,5361,6555,3699,2871,3636,2739,1572,3207,29637,837,30474,6471,8208,5154,3804,4101,3141,2424,4140,37440,0,37440,2772,69,3357,297,3252,1230,3690,1596,1212,306,861,984,1911,864,1245,2457,3675,447,1320,31536,1878,33417,2583,78,2946,309,2748,1161,3117,1500,1308,279,654,831,2043,945,1479,2664,4500,492,1272,30915,1410,32325,3021,102,4305,465,4596,1395,4047,2313,1860,243,633,810,3048,1593,2535,3438,5964,633,1773,42780,0,42780,2358,54,3000,249,2085,1095,3384,1449,867,285,810,864,1761,633,1125,2373,3333,396,1221,27339,606,27942,2481,60,2850,309,2310,1203,3207,1536,1113,309,711,831,2055,840,1443,2679,4407,483,1260,30084,390,30474,2655,84,3849,432,3882,1203,3531,1899,1530,198,570,720,2757,1278,2250,3084,5373,573,1578,37440,0,37440
003,Kaipara District,6201,2154,402,4536,13293,624,13917,5910,2214,675,5550,14346,816,15162,7803,2964,639,7041,18444,0,18444,4788,975,1815,531,8112,246,8358,4881,870,1686,501,7941,180,8121,7431,978,1938,420,10767,0,10767,2307,843,924,543,708,546,504,1461,7839,516,8358,2151,939,858,609,729,480,432,1488,7683,441,8121,2742,1416,1272,915,942,765,708,2010,10767,0,10767,2106,699,636,378,594,474,306,1197,6390,213,6603,1998,822,660,456,660,435,345,1365,6741,219,6960,2448,1119,972,624,765,591,528,1611,8655,0,8655,2277,42,885,24,624,258,714,408,219,33,78,231,291,162,132,516,504,90,261,7755,606,8358,2154,27,780,51,657,315,657,342,225,39,78,204,306,156,186,552,588,117,264,7698,426,8121,2439,54,1119,87,1143,519,798,534,327,90,93,240,549,312,285,756,846,225,348,10767,0,10767,2073,48,756,21,357,210,630,354,135,18,66,213,207,105,108,474,330,87,207,6393,210,6603,2055,24,786,36,477,282,588,309,150,39,72,195,252,111,159,531,414,105,222,6813,147,6960,2277,48,915,54,867,384,606,420,210,129,87,198,444,219,222,594,585,135,264,8655,0,8655
011,Thames-Coromandel District,8772,3384,477,8196,20826,558,21381,7926,3549,702,8913,21093,819,21909,9414,4359,633,10998,25407,0,25407,7413,1467,2466,429,11772,381,12153,7089,1257,2442,420,11208,267,11475,9297,1365,2718,396,13773,0,13773,2580,1605,1695,903,1176,1191,567,1728,11448,705,12153,2427,1710,1446,1032,1092,1104,486,1608,10908,570,11475,3057,2199,1899,1482,1341,1347,612,1842,13773,0,13773,2259,1479,1326,840,1173,1179,456,1386,10092,246,10341,2211,1560,1173,924,1089,1071,399,1329,9756,252,10011,2709,1938,1536,1260,1245,1212,480,1536,11916,0,11916,1107,36,1119,60,1482,264,1509,1161,387,96,174,420,510,360,303,711,885,225,480,11286,867,12153,1065,30,849,75,1224,321,1407,1119,357,78,147,435,501,378,327,804,1083,243,447,10887,588,11475,993,39,1071,108,1752,345,1671,1632,510,117,138,381,798,552,504,948,1344,309,564,13773,0,13773,888,27,1113,45,1011,240,1494,1113,333,96,165,387,471,234,276,636,873,222,438,10059,282,10341,909,18,798,69,867,249,1449,1098,294,87,129,378,450,261,294,720,1059,237,420,9783,228,10011,864,30,894,90,1440,267,1518,1440,405,105,129,339,702,444,453,756,1263,279,501,11916,0,11916
012,Hauraki District,5994,2094,456,5073,13614,282,13896,5430,2076,696,5517,13722,609,14331,6708,2532,660,6384,16278,0,16278,5196,780,1506,303,7785,300,8085,4953,765,1278,303,7299,207,7506,6849,699,1398,291,9237,0,9237,1890,834,885,627,702,612,597,1344,7491,591,8085,1758,837,795,678,681,543,558,1206,7059,444,7506,2196,1140,1077,1083,825,741,771,1407,9237,0,9237,1713,801,558,435,534,423,228,762,5460,198,5658,1635,825,567,519,561,477,306,882,5775,177,5952,1911,981,774,774,642,522,537,1005,7146,0,7146,1674,117,876,51,636,213,801,378,354,33,123,192,318,180,204,462,540,75,270,7497,588,8085,1524,129,735,45,567,201,708,342,297,48,84,222,336,207,228,480,624,66,243,7083,423,7506,1587,219,960,69,816,318,831,582,381,39,96,153,447,378,390,648,879,117,327,9237,0,9237,1500,105,465,27,294,138,624,297,138,21,108,165,246,96,159,489,384,60,210,5523,135,5658,1365,171,498,27,384,153,543,291,132,33,54,297,300,114,234,522,441,57,210,5829,123,5952,1467,258,678,48,594,219,591,450,240,27,72,132,354,216,285,585,588,90,255,7146,0,7146
013,Waikato District,21558,6267,1425,11244,40497,2421,42915,23022,6642,2196,13560,45423,2754,48174,30771,8640,2352,16134,57894,0,57894,18672,2859,4398,1122,27051,777,27828,20649,2754,4437,1089,28929,735,29664,30123,3207,4956,1122,39408,0,39408,6345,4080,3594,1662,2970,1932,2004,3498,26085,1743,27828,6789,5214,3540,1992,3171,1962,1857,3507,28032,1632,29664,8841,7776,5097,3051,4176,2784,2940,4746,39408,0,39408,4455,1899,1581,813,1368,732,897,2145,13881,627,14511,4545,2676,1740,1170,1620,768,915,2556,15990,633,16623,6030,4131,2844,1758,2172,1284,1764,3366,23355,0,23355,4827,294,2988,246,2616,1287,2040,1026,1050,219,525,684,1530,807,777,1875,1866,393,1065,26118,1710,27828,4581,321,2943,369,2649,1431,2160,1020,1017,231,594,765,1716,822,1236,2358,2463,447,1146,28272,1392,29664,4683,258,4680,459,4668,1881,2715,1572,1575,297,672,729,3102,1452,1863,3387,3318,633,1464,39408,0,39408,4515,360,1251,228,1107,366,882,615,432,69,123,342,606,309,300,1209,603,222,480,14025,483,14511,4629,378,1341,303,1248,393,843,627,453,96,192,453,699,396,882,1518,897,267,642,16257,369,16623,4713,255,2451,243,2901,774,1230,981,852,132,240,408,1521,774,963,2076,1662,444,735,23355,0,23355
015,Matamata-Piako District,11604,3531,588,7140,22863,591,23454,11562,3642,798,7914,23919,852,24771,13566,4077,876,8883,27405,0,27405,10050,1752,2340,510,14649,486,15135,10611,1731,2028,522,14892,309,15204,13500,1500,2154,495,17646,0,17646,4029,1416,1770,867,1404,1131,978,2556,14154,978,15135,3891,1683,1701,951,1443,1059,1041,2640,14412,792,15204,4464,2316,2130,1362,1620,1305,1389,3066,17646,0,17646,3780,1293,1443,669,1221,948,672,2229,12255,384,12639,3711,1572,1551,768,1311,945,840,2421,13122,402,13521,4248,1992,1848,1122,1365,1107,1173,2727,15585,0,15585,3747,27,1992,48,1137,525,1425,489,621,81,201,306,702,270,309,771,762,270,513,14190,945,15135,3642,27,2073,66,1107,555,1362,579,525,57,219,345,762,336,354,855,900,276,504,14550,657,15204,3684,81,2748,78,1482,753,1440,747,648,78,231,264,1038,606,534,1131,1080,324,702,17646,0,17646,3471,15,1989,21,792,456,1263,411,501,63,195,270,612,168,213,723,564,210,459,12387,255,12639,3507,24,2319,30,843,504,1248,471,447,48,213,324,672,198,249,861,657,243,462,13317,204,13521,3438,69,2658,54,1275,663,1233,654,555,54,219,225,879,507,396,969,855,282,609,15585,0,15585
016,Hamilton City,48681,14265,4587,29820,97353,3912,101262,49851,14754,6756,34662,106023,5214,111237,62763,17631,7095,39006,126498,0,126498,52326,3354,5112,612,61410,1536,62946,54501,2943,5130,594,63168,1437,64605,71397,3129,5283,585,80394,0,80394,8730,13602,8523,4848,8370,6852,3072,5859,59853,3096,62946,9336,15774,7932,5676,7791,6516,3057,5547,61632,2973,64605,11364,20760,10452,7980,9003,8355,4386,8097,80394,0,80394,9060,14736,7833,4662,9318,6912,2727,4797,60051,1428,61479,10368,17730,7998,5673,8985,6819,3033,4836,65436,1767,67203,12135,22233,9939,7152,9777,7890,3876,6459,79461,0,79461,1101,135,7167,381,4980,3114,6858,3675,1857,969,1665,1638,4935,2304,2775,5688,6894,1149,2637,59916,3027,62946,1440,135,6696,894,4671,3141,6654,3846,1797,804,1701,1296,4989,2202,3549,6330,8316,1116,2751,62322,2283,64605,1509,111,9246,927,7038,3585,7890,5121,2196,1023,1590,1233,8502,3378,4521,8259,9807,1506,2955,80394,0,80394,510,39,7599,288,3768,3381,7227,3486,1398,993,1905,1713,5409,2130,2952,5775,8058,1137,2859,60627,849,61479,753,54,7260,939,4398,3639,7269,3858,1572,900,1899,1350,5625,2139,3906,6687,10236,1125,2973,66579,624,67203,753,69,8871,1065,6684,3741,7479,4269,1911,1023,1824,1287,9384,2865,4899,8358,10461,1344,3165,79461,0,79461
017,Waipa District,16995,4908,753,9501,32160,735,32895,17805,5334,1197,10842,35178,1527,36708,21927,6345,1269,12705,42243,0,42243,15639,2163,3093,594,21492,411,21903,16941,2076,3156,594,22767,375,23139,22083,2235,3369,585,28269,0,28269,4737,3315,2841,1773,2511,1833,1251,2571,20832,1071,21903,5013,4158,2790,1986,2535,1917,1152,2634,22179,960,23139,6261,5793,3630,2490,3126,2265,1638,3069,28269,0,28269,3624,2010,1824,1182,1677,1350,684,1965,14313,429,14745,3852,2580,1977,1449,1761,1410,714,2187,15921,423,16344,5028,4053,2850,1968,2271,1752,1356,2694,21972,0,21972,3366,39,1998,141,1851,930,2049,858,864,183,474,564,1341,582,819,1509,1917,471,861,20823,1083,21903,3321,66,1851,198,1806,1080,2106,939,816,168,489,615,1548,615,1026,1929,2325,507,945,22356,783,23139,3342,87,2613,249,2862,1299,2472,1173,900,246,528,504,2739,840,1278,2463,2754,726,1191,28269,0,28269,3117,30,1359,75,885,543,1620,696,624,87,294,432,846,303,300,1284,900,369,630,14397,351,14745,3120,45,1353,87,1005,645,1752,843,657,96,288,486,1098,357,381,1740,1062,423,678,16113,231,16344,3102,60,2115,141,2202,945,2064,1077,684,192,324,444,1956,609,720,1962,1827,621,930,21972,0,21972
018,Otorohanga District,3447,1152,189,1983,6765,123,6888,3426,981,267,1998,6678,336,7011,3984,1266,279,2295,7821,0,7821,2649,621,879,249,4401,198,4599,2724,603,726,246,4299,111,4410,3690,585,729,243,5247,0,5247,1494,381,420,300,381,246,273,732,4224,372,4599,1398,480,399,318,357,252,258,696,4161,249,4410,1671,642,543,429,441,336,363,825,5247,0,5247,1362,339,303,321,339,189,180,564,3597,135,3735,1350,414,279,363,312,195,183,627,3720,117,3834,1530,474,363,342,315,198,273,603,4098,0,4098,1680,12,333,33,237,114,336,168,126,12,36,111,192,81,117,252,222,48,111,4239,360,4599,1521,21,330,30,225,120,282,168,126,15,54,156,204,66,159,252,252,75,135,4200,213,4410,1737,33,465,54,390,111,345,222,162,15,45,66,345,132,180,345,321,108,168,5247,0,5247,1524,9,270,15,129,84,273,117,87,12,30,93,168,66,288,243,108,30,84,3636,99,3735,1455,12,264,9,141,102,225,126,99,9,45,138,174,57,387,234,135,33,123,3765,72,3834,1608,24,369,24,231,72,231,159,132,9,18,45,252,87,198,246,210,54,132,4098,0,4098
019,South Waikato District,7206,2202,807,5532,15747,861,16608,6813,2040,1176,5949,15972,885,16857,8259,2541,1164,6555,18516,0,18516,7119,837,921,219,9096,315,9408,6717,762,831,228,8535,315,8850,9117,684,777,219,10797,0,10797,1749,1032,1092,693,852,678,1035,1656,8784,624,9408,1758,1059,978,681,816,621,783,1593,8289,561,8850,2052,1389,1266,1002,939,768,1206,2175,10797,0,10797,1698,1026,870,525,735,579,693,1125,7254,240,7491,1743,1095,840,522,720,534,585,1239,7278,240,7515,1926,1218,1032,768,756,555,912,1590,8763,0,8763,1731,9,1713,72,576,153,888,399,387,51,120,192,300,213,243,768,555,90,321,8784,624,9408,1845,9,1305,48,540,177,753,357,345,39,123,177,264,183,255,702,708,87,447,8370,480,8850,2103,45,1920,72,753,261,786,501,489,51,78,150,489,420,360,840,909,108,462,10797,0,10797,1395,6,1581,45,366,114,792,363,222,42,87,171,258,129,195,780,441,60,282,7329,162,7491,1626,3,1296,33,399,123,702,315,210,30,99,153,204,114,234,720,591,63,471,7398,120,7515,1896,24,1647,57,561,159,627,384,360,39,54,117,393,225,306,771,684,90,369,8763,0,8763
020,Waitomo District,3549,1047,219,1923,6738,240,6978,3285,993,273,1926,6477,297,6774,3597,1263,282,2082,7221,0,7221,3060,423,693,240,4419,177,4596,2973,339,612,219,4143,138,4278,3741,333,591,195,4857,0,4857,1116,474,423,297,399,249,336,963,4254,339,4596,1005,459,423,297,366,246,249,972,4020,258,4278,1125,498,489,423,405,288,390,1233,4857,0,4857,1071,462,327,291,372,216,222,822,3783,135,3918,993,471,369,291,339,237,204,915,3822,126,3945,1107,492,399,354,372,261,318,1083,4383,0,4383,1284,75,525,57,261,90,315,255,153,24,60,96,168,90,87,315,216,84,99,4245,351,4596,1149,90,519,66,243,87,279,219,153,24,54,99,132,84,108,321,234,90,114,4056,222,4278,1239,105,705,84,354,72,303,315,180,39,42,66,225,171,156,330,231,105,135,4857,0,4857,1158,57,522,54,159,81,282,252,102,24,54,84,156,66,87,300,219,99,87,3843,78,3918,1047,105,582,78,198,66,285,207,111,21,45,72,111,60,99,315,240,129,105,3882,66,3945,1149,114,651,93,300,57,258,267,135,30,45,51,198,123,150,294,204,138,120,4383,0,4383
021,Taupo District,12333,3828,687,7188,24036,1179,25218,11799,3900,1002,7992,24690,1173,25863,14385,4854,978,9333,29553,0,29553,11646,1614,2076,342,15672,489,16161,11580,1440,1953,348,15321,378,15696,15195,1506,2217,321,19242,0,19242,2982,2106,2163,1548,1608,1431,1119,2313,15270,891,16161,3006,2349,1977,1623,1488,1302,915,2268,14928,771,15696,3831,2994,2568,2070,1881,1743,1326,2826,19242,0,19242,2598,1875,1644,1338,1494,1281,759,1686,12666,321,12990,2742,2154,1770,1398,1380,1209,666,1869,13191,369,13560,3429,2628,2181,1746,1698,1461,1029,2352,16521,0,16521,1644,108,1389,198,1554,351,1842,1872,660,153,228,474,831,474,618,927,846,432,600,15198,960,16161,1704,126,1071,318,1389,393,1638,1737,609,120,222,507,918,462,627,1074,1008,438,648,15009,690,15696,1986,147,1440,312,1824,525,2025,2322,912,102,222,594,1296,684,951,1275,1263,525,834,19242,0,19242,1203,108,1155,165,1020,276,1719,1710,432,144,201,426,756,339,537,843,753,372,546,12696,294,12990,1431,111,939,333,1215,309,1554,1665,420,102,198,453,843,363,591,987,900,417,567,13392,168,13560,1731,144,1251,282,1554,453,1725,2031,681,87,183,522,1164,555,792,1080,1107,456,714,16521,0,16521
022,Western Bay of Plenty District,15192,5064,978,10023,31257,1527,32784,14973,5364,1593,11505,33435,1518,34953,19869,7083,1215,13602,41766,0,41766,12315,2331,3951,1092,19692,567,20259,13062,1971,3873,1014,19917,417,20337,19416,2343,4116,1077,26952,0,26952,4986,2676,2421,1212,2007,1383,1110,3219,19014,1245,20259,4830,3003,2277,1443,1992,1272,1155,3291,19260,1077,20337,6456,4479,3315,2097,2568,1830,1848,4359,26952,0,26952,3912,1482,1410,768,1272,783,600,2544,12771,435,13206,3909,1767,1401,891,1278,732,666,2745,13389,513,13899,5124,2793,2163,1335,1713,1107,1161,3390,18789,0,18789,4323,75,1947,42,1878,690,1554,693,720,105,357,717,1086,783,348,1107,1527,219,747,18924,1335,20259,4299,120,1728,78,1671,753,1494,714,798,105,333,582,1128,903,474,1284,1872,255,765,19365,972,20337,4809,153,2373,90,2970,1092,1917,1152,1146,126,387,588,1965,2046,729,1695,2340,321,1050,26952,0,26952,4200,48,1230,24,978,423,879,498,264,57,156,471,660,618,96,783,783,141,480,12798,408,13206,4296,42,1263,39,912,417,903,552,291,60,168,426,675,867,132,885,999,159,510,13584,315,13899,4578,57,1509,39,1935,645,1062,807,579,81,213,420,1272,1788,309,1134,1416,234,717,18789,0,18789
023,Tauranga City,37176,11922,2628,28614,80334,1896,82230,38094,12810,4203,32310,87417,3744,91161,51591,16233,3753,37572,109152,0,109152,37002,4089,6189,624,47907,1191,49098,39198,3585,6450,642,49878,1026,50904,55461,4173,7611,582,67824,0,67824,8028,8565,6783,3960,6054,5502,2796,5136,46827,2271,49098,8382,10272,6198,4701,6015,5310,2721,5223,48822,2082,50904,11790,15171,8934,6369,7686,6909,3918,7050,67824,0,67824,7356,8583,5844,3618,6174,5274,2355,4107,43311,906,44214,7908,10482,5682,4578,6306,5271,2433,4338,46998,1101,48099,10851,14646,8019,5718,7500,6225,3477,5688,62124,0,62124,1413,36,5211,192,5469,2379,6117,2601,2430,534,1296,1704,3495,1497,1335,3141,4845,645,2211,46551,2544,49098,1491,63,4572,285,4659,2631,5739,2739,2742,492,1332,1431,3852,1764,1758,4086,6315,807,2295,49059,1842,50904,2100,102,6321,486,7749,3558,6804,4014,3582,543,1377,1683,6438,3387,2487,5211,7908,1029,3048,67824,0,67824,660,15,5094,159,4092,2253,6153,2472,2199,504,1350,1734,3477,1158,1359,3096,5007,603,2133,43503,714,44214,765,24,4353,261,3906,2586,5925,2724,2652,480,1395,1470,3939,1416,1818,4098,6657,780,2319,47565,534,48099,1338,54,5883,375,6891,3357,6372,3576,3276,480,1338,1626,6285,2568,2418,4893,7572,936,2892,62124,0,62124
024,Rotorua District,23883,6939,2172,14190,47184,2055,49239,21582,6771,3138,14763,46257,3891,50148,27117,8541,3378,16731,55764,0,55764,23733,2397,3123,585,29841,984,30822,22212,1962,2817,573,27558,798,28356,30123,2019,3060,456,35658,0,35658,5238,5277,3927,2649,3402,2748,2022,3750,29010,1815,30822,4830,5331,3309,2742,3039,2400,1803,3351,26805,1551,28356,5931,6984,4494,4074,3645,3363,2415,4746,35658,0,35658,4824,4974,3249,2340,3219,2529,1491,3006,25641,693,26331,4701,5268,2940,2574,2961,2289,1545,2907,25185,717,25899,5391,6405,3810,3342,3258,2748,1959,3567,30474,0,30474,2355,30,3330,207,2094,1176,3210,2754,1155,261,546,744,1911,837,1059,2451,2790,792,1269,28977,1845,30822,2337,24,2670,261,1800,1002,2625,2355,1077,240,510,612,1743,837,1305,2625,3087,759,1188,27063,1293,28356,2964,36,3720,228,2457,1149,3246,3696,1431,183,477,663,2376,1557,1797,3120,3972,1122,1464,35658,0,35658,1941,15,2946,159,1500,1065,3012,2613,912,249,504,681,1782,591,981,2394,2598,774,1152,25866,465,26331,2109,24,2505,231,1449,921,2562,2346,957,225,498,597,1716,657,1287,2628,2967,801,1128,25608,294,25899,2466,21,3135,195,2040,948,2679,3150,1188,153,420,594,2169,1116,1566,2778,3546,996,1320,30474,0,30474
025,Whakatane District,10860,3570,1248,8115,23793,1005,24801,10065,3525,1686,8031,23307,1800,25107,12303,4389,1587,9411,27687,0,27687,10518,1242,1641,453,13854,576,14430,10149,1104,1545,411,13206,384,13590,13554,1098,1662,375,16689,0,16689,2622,2340,1791,1062,1542,1122,960,1917,13356,1071,14430,2484,2532,1533,1206,1347,981,882,1875,12840,750,13590,3084,3234,2013,1761,1533,1299,1209,2556,16689,0,16689,2337,2118,1191,912,1398,1041,534,1383,10911,360,11271,2262,2358,1218,1083,1245,948,552,1509,11178,351,11529,2739,2811,1572,1431,1335,1032,819,1818,13551,0,13551,1950,18,1635,123,1113,312,1551,621,435,129,243,315,657,348,555,1377,1242,147,594,13365,1065,14430,1917,15,1389,192,978,255,1341,567,441,111,219,291,582,354,576,1500,1506,165,531,12930,663,13590,2301,51,1827,213,1416,354,1509,849,600,144,234,234,885,795,810,1752,1779,174,768,16689,0,16689,1641,9,831,111,780,237,1458,591,297,132,210,267,570,273,471,1290,1221,126,468,10983,288,11271,1674,12,861,174,747,213,1317,552,330,111,198,276,546,312,507,1425,1449,138,510,11352,177,11529,1977,33,1260,195,1038,288,1239,732,450,135,213,201,753,483,717,1428,1605,132,681,13551,0,13551
026,Kawerau District,1806,603,381,2007,4794,180,4974,1320,447,585,1947,4296,423,4722,1857,684,549,2343,5433,0,5433,2067,78,99,36,2280,129,2409,1542,45,81,33,1701,66,1767,2310,63,138,30,2541,0,2541,198,264,309,216,198,171,354,480,2187,222,2409,141,228,225,189,189,126,222,327,1644,123,1767,249,309,306,336,249,198,309,588,2541,0,2541,306,387,678,180,249,156,522,459,2940,108,3048,255,327,402,195,219,105,351,318,2178,87,2265,273,384,336,249,204,132,279,396,2253,0,2253,126,6,582,15,168,45,225,108,93,12,45,33,60,69,51,234,180,15,114,2187,219,2409,108,6,396,18,126,33,165,54,66,12,36,15,45,69,45,177,180,12,87,1647,120,1767,198,3,528,18,195,42,240,114,102,12,33,30,108,192,93,243,264,12,117,2541,0,2541,48,3,1371,18,234,48,201,84,81,6,60,36,78,63,72,249,126,12,204,2994,54,3048,57,0,942,24,219,42,138,54,57,6,45,15,42,42,93,204,156,9,99,2244,21,2265,75,3,765,12,201,33,162,66,60,6,24,30,114,90,93,225,198,9,93,2253,0,2253
027,Opotiki District,2481,888,366,2397,6129,378,6507,2355,819,393,2280,5847,660,6510,3108,1041,525,2505,7179,0,7179,2175,330,459,207,3171,198,3366,2217,267,417,153,3054,123,3174,3390,222,426,111,4152,0,4152,726,432,312,243,282,231,174,633,3033,336,3366,666,432,243,255,288,180,159,696,2925,249,3174,786,579,333,354,354,258,363,1128,4152,0,4152,666,366,219,207,261,195,102,495,2505,117,2622,651,417,219,228,288,195,126,609,2730,108,2841,699,486,243,249,306,198,291,822,3297,0,3297,840,0,141,9,243,75,315,183,75,18,33,69,96,96,87,348,222,39,111,3000,369,3366,858,3,108,18,201,84,234,156,81,18,33,63,81,183,105,339,246,27,108,2946,228,3174,1092,6,147,18,330,69,306,207,141,24,24,63,135,465,159,417,342,30,171,4152,0,4152,717,0,90,6,159,60,297,180,45,12,27,63,84,81,81,318,165,30,96,2517,108,2622,795,0,90,6,165,93,237,153,63,15,27,60,87,183,108,345,207,33,87,2760,84,2841,888,3,108,12,249,42,252,171,108,18,27,45,108,381,123,342,252,27,141,3297,0,3297
028,Gisborne District,14664,4617,1500,10512,31293,1515,32811,13695,4461,1872,10749,30774,2151,32925,17064,5451,1872,11847,36234,0,36234,14712,1533,1707,579,18531,753,19281,14235,1308,1620,516,17676,477,18153,19002,1275,1749,489,22515,0,22515,2922,3078,2217,1398,1995,1479,1173,3636,17898,1383,19281,2817,3261,1893,1521,1842,1260,1170,3336,17097,1056,18153,3549,4218,2439,1989,2295,1554,1752,4725,22515,0,22515,2655,2874,1698,1221,1848,1338,834,2721,15189,510,15696,2691,3162,1686,1398,1776,1251,975,2862,15801,477,16278,3264,3882,2151,1686,2076,1317,1455,3894,19725,0,19725,3360,30,1713,63,1464,522,1791,936,606,195,258,411,744,615,654,1773,1836,228,750,17952,1329,19281,3120,18,1605,60,1287,456,1527,807,708,195,237,327,822,516,708,1830,2151,231,672,17277,879,18153,4191,27,2196,75,1647,645,1749,1098,978,228,234,327,1200,1086,978,2196,2622,258,777,22515,0,22515,2601,21,1470,48,963,444,1698,855,462,171,228,366,693,492,588,1674,1683,210,702,15372,327,15696,2775,21,1512,54,1050,423,1509,795,567,171,222,312,798,453,654,1815,2043,216,654,16044,231,16278,3699,18,1911,57,1410,561,1500,942,786,198,219,285,1083,927,876,1932,2385,216,717,19725,0,19725
029,Wairoa District,2895,828,273,1962,5964,303,6267,2388,792,420,2097,5697,246,5943,2682,945,459,2313,6399,0,6399,2700,264,363,174,3504,222,3723,2397,192,333,132,3057,126,3183,2979,192,330,129,3630,0,3630,612,369,375,240,261,195,207,1119,3378,348,3723,513,360,303,240,240,162,171,930,2922,258,3183,576,492,378,348,279,207,204,1146,3630,0,3630,573,345,309,201,246,171,156,942,2934,108,3045,513,345,261,213,237,150,144,828,2688,117,2805,537,429,300,261,243,165,153,876,2961,0,2961,864,9,702,30,231,48,270,153,60,30,27,45,75,54,108,303,219,30,111,3381,342,3723,723,9,540,24,195,30,207,114,69,24,30,54,78,60,111,315,264,36,96,2973,204,3183,855,6,702,21,252,54,219,165,75,18,21,45,180,90,144,390,252,45,99,3630,0,3630,729,6,660,24,177,45,264,123,42,24,21,42,60,36,105,291,186,30,96,2970,75,3045,654,9,546,27,150,24,201,111,60,24,27,54,75,36,114,294,231,39,90,2763,42,2805,714,3,549,18,201,36,195,138,57,18,15,36,147,54,123,315,201,39,93,2961,0,2961
030,Hastings District,26703,8163,1644,15657,52167,1569,53736,25137,7989,2460,17862,53454,3033,56484,32094,9483,2166,20100,63843,0,63843,25752,2727,3549,867,32898,1971,34866,25515,2190,3648,822,32178,951,33129,34476,2337,3918,846,41574,0,41574,5520,5229,3792,2610,3483,2739,2088,6468,31929,2940,34866,5445,5958,3471,2919,3150,2442,1821,5979,31185,1941,33129,6714,7644,4536,3891,3810,3057,2850,9066,41574,0,41574,5112,5391,3135,2415,3471,2484,1824,5796,29628,921,30552,5400,6480,3210,2769,3249,2337,1767,5673,30885,960,31848,6276,7527,4017,3330,3579,2592,2403,7494,37218,0,37218,4905,21,4680,159,2430,1389,3327,1401,1017,321,618,903,1605,1251,1029,2358,2997,339,1191,31944,2922,34866,4413,27,4296,180,2163,1317,2844,1338,1005,276,594,831,1860,1143,1224,2715,3786,408,1143,31560,1569,33129,5904,33,5313,282,3141,1755,3282,2073,1335,234,1044,729,2988,2700,1665,3231,3900,489,1479,41574,0,41574,4497,18,4671,177,1665,1269,3189,1233,750,348,585,825,1560,1218,978,2190,3462,303,1017,29955,597,30552,4269,18,4845,216,1842,1326,2760,1239,825,258,639,795,1827,1077,1119,2637,4338,351,1047,31428,417,31848,5370,27,5004,336,2841,1605,2718,1683,1050,192,783,642,2922,2157,1428,2889,3813,417,1344,37218,0,37218
031,Napier City,20763,6804,1380,13881,42825,819,43644,19536,6363,1920,15867,43689,2019,45705,23535,7422,1755,17205,49920,0,49920,21738,1773,2469,312,26292,1272,27564,21021,1455,2571,276,25326,576,25902,26457,1509,2706,282,30957,0,30957,3729,4506,3504,2541,3246,2685,1773,3660,25644,1920,27564,3720,5064,3096,2724,2868,2301,1596,3309,24678,1224,25902,4551,6429,3846,3372,3264,2856,2163,4467,30957,0,30957,3285,3792,2802,2127,2940,2490,1233,2403,21072,528,21597,3363,4284,2583,2445,2601,2208,1134,2316,20931,567,21498,3924,5430,3129,2841,2841,2424,1650,3006,25245,0,25245,1449,27,3396,105,2208,1065,3096,1830,1269,243,588,759,1530,855,1053,1890,2679,417,1191,25647,1917,27564,1215,33,3120,147,1842,1074,2739,1584,1242,246,519,609,1623,882,1215,2214,3075,447,1083,24906,996,25902,1767,21,3675,210,2517,1431,3021,2187,1512,183,651,636,2625,1380,1503,2577,3255,453,1347,30957,0,30957,756,12,2754,57,1515,897,2943,1767,996,174,573,705,1323,540,942,1878,1800,408,1191,21234,363,21597,636,15,2214,81,1287,903,2763,1599,1053,231,462,633,1536,675,1173,2205,2181,474,1122,21249,249,21498,1002,12,2766,99,1983,1125,2670,1851,1278,162,477,603,2253,924,1425,2400,2586,414,1224,25245,0,25245
032,Central Hawke's Bay District,5406,1548,231,2709,9894,144,10035,4845,1497,345,2994,9684,396,10077,5640,1746,330,3483,11199,0,11199,4827,603,936,330,6696,258,6954,4473,513,894,354,6228,114,6342,5694,477,900,315,7383,0,7383,1434,714,717,402,570,408,411,1833,6492,459,6954,1392,753,651,459,504,363,417,1503,6045,297,6342,1677,1008,801,594,564,471,540,1728,7383,0,7383,1314,600,528,306,492,339,300,1734,5616,171,5787,1296,594,507,342,456,324,312,1410,5244,186,5430,1479,765,639,471,453,363,423,1464,6063,0,6063,1971,30,1044,33,402,195,537,165,228,36,78,138,246,117,165,381,411,60,282,6522,432,6954,1800,30,828,57,342,213,507,177,213,30,72,177,219,129,165,429,444,60,201,6102,240,6342,1986,24,1008,57,504,243,594,216,300,36,102,114,411,228,234,498,501,81,261,7383,0,7383,1725,33,1101,30,273,144,474,156,168,30,60,129,210,81,120,348,309,39,264,5685,102,5787,1671,36,867,57,264,168,447,150,147,27,60,150,174,99,99,384,321,54,171,5346,84,5430,1779,24,882,51,411,186,477,168,216,36,69,90,309,141,168,417,387,69,195,6063,0,6063
033,New Plymouth District,25662,8253,1704,17559,53184,1362,54549,27117,8691,2118,18690,56616,2454,59070,30669,10026,2472,21087,64254,0,64254,25563,2667,3954,645,32829,1086,33918,27915,2439,3996,633,34983,828,35811,33144,2508,4371,672,40695,0,40695,5721,5889,4794,2712,3750,3129,1854,4014,31866,2052,33918,6051,6723,4878,2961,3792,2865,1905,4242,33408,2400,35811,7155,8643,5787,3831,4278,3393,2349,5256,40695,0,40695,5061,5355,3681,2301,3507,2772,1320,3003,27000,732,27729,5697,6483,4260,2784,3708,2796,1632,3696,31050,1476,32526,6591,8019,5160,3414,3954,3018,2025,4473,36654,0,36654,2589,480,3735,342,2757,1305,3612,1821,1278,501,687,819,2310,948,999,2484,3327,444,1401,31839,2079,33918,2328,1098,4158,495,3129,1278,3477,1860,1455,438,768,840,2472,1035,1095,2580,3984,516,1461,34467,1344,35811,2421,1053,4938,306,4230,1398,3627,2616,1719,285,756,702,3417,1443,1608,3033,4704,579,1863,40695,0,40695,2199,279,3105,282,1794,1143,3342,1650,966,465,642,726,2058,723,870,2271,3042,387,1278,27213,516,27729,2175,921,3765,411,2556,1173,3456,1794,1323,441,762,819,2388,948,963,2478,3909,510,1419,32208,321,32526,2205,957,4344,246,3747,1272,3234,2313,1530,267,723,642,3159,1254,1380,2697,4419,519,1758,36654,0,36654
034,Stratford District,3408,1008,165,2172,6753,96,6846,3408,975,246,2106,6735,279,7011,3672,1080,270,2409,7431,0,7431,2886,393,759,201,4239,174,4416,3045,372,681,183,4281,102,4383,3552,327,675,201,4755,0,4755,1104,468,501,297,363,285,255,807,4077,336,4416,1053,477,552,303,387,276,261,768,4080,306,4383,1194,570,624,411,429,330,381,807,4755,0,4755,990,396,324,228,312,243,123,462,3075,102,3180,966,435,396,246,330,243,117,462,3192,132,3324,1092,522,456,303,351,252,240,573,3792,0,3792,1080,30,636,18,288,144,396,189,129,21,63,84,144,48,114,243,261,51,141,4074,339,4416,993,51,618,57,324,129,366,201,135,21,66,93,168,75,132,261,324,42,141,4197,186,4383,1005,42,729,33,378,198,408,198,144,18,66,57,243,135,168,330,360,48,201,4755,0,4755,957,27,195,24,144,114,348,180,96,9,36,75,123,27,138,243,186,42,126,3093,84,3180,939,27,147,57,210,108,336,198,84,9,45,90,144,33,180,279,231,24,129,3270,51,3324,939,45,363,48,279,150,333,147,93,12,42,54,171,90,231,333,264,36,162,3792,0,3792
035,South Taranaki District,10200,2826,663,5844,19533,633,20169,9663,2844,774,6120,19401,1098,20502,10398,3051,942,6927,21315,0,21315,8760,1395,1761,519,12432,594,13026,8823,1356,1518,417,12114,393,12507,10302,1194,1473,480,13446,0,13446,3453,1158,1428,720,1002,750,750,2658,11919,1104,13026,3360,1185,1272,750,891,726,726,2616,11526,981,12507,3651,1494,1464,966,1026,852,975,3024,13446,0,13446,3246,1131,1320,579,954,624,576,2559,10983,399,11382,3324,1233,1344,675,891,672,750,2793,11685,618,12306,3561,1446,1386,753,981,699,906,2742,12471,0,12471,3450,75,2577,36,651,318,990,462,291,72,135,195,432,156,246,678,723,114,360,11967,1059,13026,3345,93,2373,264,723,276,882,441,291,66,111,243,345,177,291,735,732,123,375,11889,618,12507,3336,84,2952,87,882,369,936,507,336,54,117,180,588,342,441,876,834,114,405,13446,0,13446,3123,120,2922,36,483,288,843,384,225,63,123,159,375,117,222,669,585,90,318,11151,234,11382,3240,153,3057,327,627,261,810,423,249,66,111,240,351,123,279,738,636,117,351,12162,141,12306,3219,102,3105,102,789,324,771,396,300,48,105,168,516,222,366,789,699,96,363,12471,0,12471
036,Ruapehu District,5139,1425,342,2676,9585,588,10173,4254,1266,486,2781,8787,291,9075,4719,1431,483,2961,9594,0,9594,4635,561,756,312,6267,297,6564,3939,417,720,255,5331,189,5520,4809,468,630,243,6150,0,6150,1398,654,702,912,582,366,408,1047,6069,492,6564,1215,675,570,654,408,300,330,981,5130,390,5520,1368,753,696,852,543,360,426,1146,6150,0,6150,1329,624,567,921,543,342,303,798,5430,174,5601,1215,678,528,789,408,315,276,798,5007,189,5196,1278,669,573,744,474,303,354,912,5310,0,5310,1461,15,363,63,513,108,534,459,174,42,57,123,156,123,750,495,312,126,186,6054,510,6564,1326,6,276,36,396,93,417,444,177,42,63,93,156,126,459,489,333,138,150,5214,306,5520,1407,15,348,48,489,129,423,597,228,18,57,99,204,222,534,552,402,168,210,6150,0,6150,1227,12,315,57,399,93,525,420,120,42,57,102,135,84,846,456,282,126,171,5472,129,5601,1182,6,261,24,351,81,444,441,126,36,69,96,141,102,657,468,327,138,150,5109,90,5196,1230,12,315,36,405,108,366,492,168,15,54,84,177,186,555,462,333,129,186,5310,0,5310
037,Whanganui District,14028,5007,1347,12180,32562,846,33408,12954,4530,1854,12615,31959,1677,33636,15159,5406,1866,13941,36372,0,36372,14691,1293,1653,378,18012,1023,19035,13890,1071,1656,363,16983,504,17484,17415,1080,1716,357,20565,0,20565,2562,3180,2394,1932,1968,1716,1086,2652,17484,1551,19035,2355,3237,2082,2004,1800,1479,879,2562,16395,1086,17484,2838,4056,2601,2580,2094,1815,1098,3486,20565,0,20565,2247,2958,1863,1632,1812,1482,837,2082,14907,435,15345,2187,3216,1761,1830,1749,1410,717,2121,14994,528,15522,2574,3771,2205,2175,1899,1506,903,2640,17673,0,17673,1185,9,2418,84,1554,615,2064,996,492,234,330,393,813,447,918,1608,2214,276,813,17460,1575,19035,1086,12,2469,120,1242,471,1806,861,483,165,282,306,807,411,1119,1530,2466,252,777,16665,819,17484,1263,21,3180,93,1674,648,1980,1149,642,123,264,228,1182,633,1356,2022,3015,300,795,20565,0,20565,954,3,2139,72,1083,516,1845,864,357,201,288,351,705,315,813,1524,2061,246,732,15066,279,15345,927,3,2205,114,957,432,1752,810,408,156,270,288,768,279,1068,1506,2424,237,729,15333,189,15522,1041,12,2568,78,1440,570,1713,948,543,102,237,204,1068,435,1188,1749,2787,273,711,17673,0,17673
038,Rangitikei District,5625,1743,315,3288,10971,390,11361,5229,1587,441,3414,10671,393,11064,5742,1884,417,3852,11892,0,11892,5154,699,906,315,7074,294,7368,4968,522,876,303,6672,144,6816,6003,516,801,303,7623,0,7623,1488,819,891,630,615,480,510,1398,6828,540,7368,1446,774,753,621,567,450,453,1374,6438,378,6816,1629,945,912,717,669,561,567,1629,7623,0,7623,1275,600,528,387,438,375,303,1104,5007,174,5181,1359,627,534,423,456,369,264,1227,5265,189,5454,1479,735,657,480,531,435,396,1386,6099,0,6099,1752,18,834,18,477,195,621,345,228,39,96,138,237,90,459,537,468,96,189,6834,534,7368,1659,21,804,21,387,159,573,360,222,30,81,108,210,117,429,558,510,102,204,6552,270,6816,1800,33,948,24,495,213,675,414,282,27,78,57,357,213,549,561,564,105,225,7623,0,7623,1416,24,762,9,273,126,504,321,111,27,57,105,168,42,120,522,267,72,138,5067,114,5181,1515,27,843,21,279,111,507,318,105,24,54,99,165,57,144,558,285,93,171,5376,75,5454,1653,33,885,21,384,150,537,327,162,15,51,42,297,141,282,501,354,90,174,6099,0,6099
039,Manawatu District,10485,3312,549,5475,19824,285,20109,10545,3123,846,6504,21018,651,21669,12321,3498,726,7335,23880,0,23880,9678,1179,1824,510,13194,603,13797,10185,1029,1728,507,13446,219,13665,12483,1119,1752,465,15816,0,15816,2862,1881,1650,1071,1374,1149,882,1899,12765,1029,13797,2796,2070,1632,1197,1431,1098,843,1905,12969,696,13665,3318,2706,2013,1605,1668,1299,1095,2115,15816,0,15816,2154,1047,1050,684,744,633,438,1431,8181,300,8478,2145,1218,1089,816,780,654,360,1605,8670,339,9006,2715,1845,1473,1209,1020,837,690,1671,11460,0,11460,2361,15,1500,51,972,606,1323,495,417,108,225,354,603,306,717,954,1158,144,516,12831,966,13797,2244,24,1425,66,942,762,1179,495,501,105,201,297,594,294,957,1062,1398,156,519,13224,444,13665,2232,24,1755,87,1230,897,1233,609,648,87,270,270,909,468,1242,1341,1686,174,654,15816,0,15816,2028,9,1191,27,486,264,777,336,165,66,96,243,348,150,702,591,438,81,273,8271,207,8478,2127,6,1101,21,444,369,738,390,198,78,99,210,378,165,909,633,615,90,279,8850,156,9006,2139,18,1287,42,816,501,831,477,384,63,192,183,615,306,1110,951,1023,123,399,11460,0,11460
040,Palmerston North City,30606,9795,2232,17964,60600,1260,61860,28413,8916,3048,20814,61197,2871,64065,32877,9882,3204,21969,67932,0,67932,32862,2115,2871,441,38295,2106,40401,31545,1893,2802,405,36642,690,37332,37683,1893,2799,387,42762,0,42762,5307,8124,4716,4167,5049,4176,2175,3660,37371,3033,40401,5214,8409,4155,4236,4554,3660,1836,3402,35460,1869,37332,5952,10251,4914,5679,5115,4212,2388,4248,42762,0,42762,5415,8592,4596,4125,5550,4344,2148,3213,37983,918,38904,5613,9273,4356,4497,5298,4038,2097,3246,38418,1302,39720,6039,10575,4845,5403,5406,4077,2370,3639,42360,0,42360,1284,45,3312,165,2685,1986,4461,2184,1320,429,873,945,2559,1233,3342,4161,3927,546,1956,37422,2979,40401,981,21,2706,183,2286,2070,4062,2133,1299,336,849,705,2433,1137,3636,4473,4686,612,1563,36180,1152,37332,1071,18,3291,228,3027,2376,4095,2643,1737,318,888,678,3339,1563,4449,5379,5214,666,1776,42762,0,42762,1002,45,3231,171,2265,2163,4830,2196,1299,465,993,999,2703,1197,3327,4254,4527,543,2142,38355,552,38904,804,24,2799,207,2184,2424,4566,2202,1524,360,990,807,2691,1167,3831,4839,5535,633,1809,39399,321,39720,849,21,3123,216,2928,2571,3978,2337,1743,309,924,702,3423,1374,4392,5352,5592,639,1881,42360,0,42360
041,Tararua District,6894,2103,339,3846,13179,231,13410,5844,2010,513,4146,12513,633,13149,6459,2298,567,4743,14067,0,14067,5901,1029,1269,405,8607,390,8997,5271,813,1197,405,7686,171,7857,6498,696,1164,402,8757,0,8757,2184,813,990,528,687,606,651,1830,8295,702,8997,1977,831,777,582,645,510,510,1509,7344,513,7857,2184,1035,966,720,723,636,669,1818,8757,0,8757,1977,711,726,405,582,525,447,1467,6843,264,7104,1893,750,615,447,597,462,372,1245,6381,264,6648,2052,840,753,525,606,507,498,1362,7140,0,7140,2730,6,1278,51,474,192,798,276,231,51,111,207,273,129,222,498,498,78,261,8361,633,8997,2397,12,951,48,399,216,690,288,222,21,105,156,234,99,228,510,630,63,240,7515,342,7857,2412,27,1155,72,480,402,735,393,282,21,84,120,357,192,324,585,747,81,291,8757,0,8757,2301,3,1113,39,270,150,750,243,129,42,102,198,219,81,162,459,387,69,234,6942,162,7104,2241,12,771,42,297,138,669,279,129,18,108,159,207,51,153,498,477,63,225,6537,108,6648,2253,18,822,63,363,300,615,303,192,18,63,102,291,126,231,513,555,72,243,7140,0,7140
042,Horowhenua District,9603,3354,867,9195,23019,501,23523,8631,3132,1320,10074,23154,1179,24336,10905,3567,1311,11391,27174,0,27174,9237,1008,1524,387,12159,798,12960,8772,843,1452,339,11403,357,11760,11901,819,1428,324,14472,0,14472,2136,1542,1518,1329,1224,1143,1029,1884,11805,1155,12960,2025,1551,1371,1374,1161,1014,762,1713,10971,792,11760,2493,2103,1779,1875,1395,1392,1056,2379,14472,0,14472,1725,1269,1038,1023,936,957,675,1434,9057,264,9318,1734,1248,993,1125,924,873,474,1398,8772,360,9132,2022,1620,1287,1383,1029,1041,717,1773,10875,0,10875,1560,9,1683,162,960,387,1359,588,399,93,186,279,471,291,417,870,1308,171,525,11715,1242,12960,1419,9,1293,195,846,360,1281,528,381,99,207,255,474,270,531,879,1485,150,498,11157,603,11760,1596,21,1581,240,1338,684,1446,666,480,99,213,273,705,444,804,1092,1944,168,666,14472,0,14472,1341,3,1482,156,528,249,1152,489,189,72,147,219,300,153,252,747,1071,129,405,9081,240,9318,1353,0,1167,171,528,231,1116,465,153,78,156,237,306,159,330,792,1188,111,417,8964,171,9132,1416,9,1209,210,960,480,1104,525,273,72,135,222,477,288,543,873,1425,123,534,10875,0,10875
043,Kapiti Coast District,15159,5286,1023,14790,36258,996,37257,15516,5589,1743,15786,38634,1419,40053,18792,6435,1596,17565,44388,0,44388,14985,1527,3093,393,19995,450,20448,15762,1311,3321,369,20763,342,21108,19791,1479,3588,369,25227,0,25227,3711,4218,2676,1806,2589,2142,687,1659,19485,960,20448,3873,4983,2481,2070,2475,2010,651,1581,20127,981,21108,4578,6672,3138,2658,2754,2496,1005,1932,25227,0,25227,2079,2349,1434,1224,1479,1521,360,1167,11613,288,11901,2295,2640,1515,1518,1458,1608,408,1233,12675,354,13032,2844,3891,2217,2004,1722,1878,699,1548,16806,0,16806,543,24,1314,102,2088,711,2382,1056,663,438,780,663,1758,642,1347,1734,1869,366,921,19404,1041,20448,432,21,1131,156,1974,681,2244,1092,714,441,807,450,1932,669,1761,2052,2424,393,942,20319,789,21108,462,33,1329,159,2967,708,2583,1398,864,474,756,534,2826,1026,2400,2223,2937,441,1116,25227,0,25227,447,18,834,51,990,321,1947,867,267,210,297,507,936,288,321,1320,1155,216,591,11580,321,11901,396,15,771,75,1167,318,1962,1026,318,186,291,360,1023,342,498,1449,1638,264,675,12768,261,13032,405,21,927,87,2202,420,2031,1155,504,240,312,426,1617,642,903,1581,2187,297,849,16806,0,16806
044,Porirua City,17802,4743,1698,10095,34338,1473,35811,18387,4860,2379,11253,36882,2163,39042,22524,5703,2379,12513,43116,0,43116,18357,1086,2163,210,21816,729,22545,19098,1101,2238,195,22632,615,23247,24396,1122,2502,207,28227,0,28227,3414,4752,2433,1977,3300,2121,1218,1983,21195,1347,22545,3780,5619,2244,2265,3066,1929,1014,1911,21831,1416,23247,4650,7515,2916,2922,3510,2406,1440,2862,28227,0,28227,1962,3273,1239,1428,1578,1623,471,843,12417,345,12762,2196,3855,1386,1602,1566,1563,552,900,13623,465,14088,2790,4707,1944,1983,2067,1704,867,1551,17610,0,17610,177,12,1713,105,1863,864,2334,942,987,471,1068,519,1992,942,2016,1866,2052,354,921,21201,1344,22545,159,18,1377,180,1926,810,2031,996,999,471,1173,444,2163,951,2517,2265,2466,429,912,22284,963,23247,150,24,1764,222,3042,969,2292,1401,1173,483,1128,462,2952,1605,3540,2565,2925,453,1083,28227,0,28227,105,0,891,33,894,420,2028,657,276,156,228,336,999,285,654,2007,1752,198,567,12486,279,12762,93,6,855,72,1206,501,1884,747,315,138,252,294,1020,402,804,2268,2193,255,582,13884,204,14088,108,0,1110,69,2196,594,1728,963,564,189,330,285,1524,855,1578,2247,2283,249,735,17610,0,17610
045,Upper Hutt City,15396,4083,1020,8967,29463,456,29919,15561,3942,1419,9708,30627,1389,32019,18582,4557,1434,10845,35421,0,35421,16218,957,1632,192,18996,483,19479,16431,804,1761,231,19227,276,19503,20181,876,1887,192,23139,0,23139,2814,3522,2643,1884,3258,1863,1128,1398,18513,966,19479,3030,4086,2391,2094,2955,1821,861,1344,18579,921,19503,3906,5448,2943,2658,3159,2193,1098,1731,23139,0,23139,1473,1866,1284,1425,1554,990,642,795,10029,246,10272,1548,2100,1224,1710,1410,1047,360,807,10212,333,10545,2217,2817,1806,2022,1614,1359,597,1161,13602,0,13602,183,12,1812,96,1728,1023,2076,765,717,408,828,450,1578,594,2370,1353,1449,300,840,18579,900,19479,144,21,1311,174,1713,918,1893,840,771,378,852,339,1590,666,2949,1503,1755,351,801,18963,537,19503,171,24,1626,249,2526,903,2010,1179,891,441,822,354,2334,885,3612,1686,2073,378,969,23139,0,23139,126,0,1242,45,648,558,1197,546,186,180,168,318,606,225,1518,1020,813,204,480,10086,189,10272,120,0,777,57,681,540,1209,639,246,147,156,240,498,252,2187,1113,918,216,420,10416,129,10545,123,9,1068,105,1554,438,1239,825,384,228,225,231,1176,462,2274,1179,1206,261,612,13602,0,13602
046,Lower Hutt City,39063,10338,2991,21798,74187,1167,75354,37032,9789,4050,22674,73548,3693,77241,43563,11337,3987,24510,83397,0,83397,40521,2514,4614,453,48105,1296,49398,38727,2115,4653,411,45912,912,46824,47634,2205,4722,336,54900,0,54900,7179,10125,6078,3696,7818,4935,2958,3906,46698,2703,49398,7209,11277,5265,3777,6672,4221,2337,3477,44235,2589,46824,8580,14781,6537,4941,7395,5121,2934,4611,54900,0,54900,5847,7938,4782,2643,5700,3945,2289,2811,35958,969,36927,6021,8727,4587,3018,5007,3864,2028,2688,35940,1236,37176,6771,10518,5418,3744,5391,4269,2436,3291,41841,0,41841,195,48,4896,273,3972,2640,4731,2247,2361,1170,2436,1191,4821,1878,3930,3381,3753,801,2181,46902,2496,49398,126,36,3498,462,3765,2091,4245,2190,2235,996,2385,888,4947,1788,4656,3786,4239,918,1926,45174,1650,46824,183,51,3999,567,5172,2298,4770,3162,2382,1035,2298,861,6489,2685,6138,4410,5211,999,2199,54900,0,54900,114,30,5241,306,2490,2748,4143,1632,1779,873,945,924,3393,1017,1479,3228,3591,675,1731,36339,591,36927,81,30,4176,414,2970,2424,4179,1725,1605,516,810,825,3555,1116,1638,3699,4422,843,1755,36789,384,37176,126,30,4068,486,4278,2373,4140,2178,1581,630,1176,762,4404,1656,2496,3930,4845,855,1827,41841,0,41841
047,Wellington City,81150,21483,5214,35217,143061,4632,147693,83421,21822,7368,38628,151236,6753,157989,96453,24738,7719,40965,169881,0,169881,83661,5019,11460,795,100938,1695,102633,86490,4476,12063,789,103821,1419,105240,102927,4338,13248,681,121194,0,121194,17031,34764,8634,7365,14511,8841,2385,4770,98304,4329,102633,17472,37884,8076,8223,13182,8274,2130,4554,99792,5451,105240,20166,48240,9495,10689,14406,9627,2706,5865,121194,0,121194,19833,38304,8574,7422,18915,9006,2211,4491,108756,2904,111660,22368,45798,9027,9354,18483,9183,2595,5271,122076,5388,127464,24576,56142,9774,10890,18012,9318,2790,5502,137007,0,137007,369,108,4107,417,4707,3117,8469,6258,3228,3819,6693,2664,16071,4149,12468,7848,7842,2538,4020,98901,3732,102633,330,117,2973,813,4254,2892,8037,6987,3195,4311,6777,2076,17136,3558,14217,9090,9003,3060,3888,102723,2520,105240,507,147,3771,1014,5691,3204,8685,9567,3708,4719,5967,1800,20643,5079,18456,10287,10200,3444,4296,121194,0,121194,252,126,4278,399,4014,3390,8424,6051,3096,4434,9492,2838,18933,4731,16647,7878,7896,2583,4791,110256,1401,111660,270,153,3237,1098,4317,3108,8613,7398,4497,5484,10437,2463,21555,4506,21063,9945,9894,3468,4947,126447,1017,127464,339,174,3513,1215,5700,3204,8199,9012,4752,5400,8334,1914,24729,5412,25446,10626,10602,3597,4833,137007,0,137007
048,Masterton District,8058,2880,546,6021,17502,315,17814,7959,2877,849,6390,18072,612,18684,9420,3270,705,7194,20586,0,20586,8244,903,1236,309,10692,246,10938,8223,810,1263,300,10596,240,10836,10314,864,1245,261,12690,0,12690,1716,1746,1413,927,1197,1029,639,1719,10389,549,10938,1830,1878,1341,1032,1053,990,570,1605,10302,534,10836,2259,2322,1653,1281,1242,1191,762,1980,12690,0,12690,1584,1797,1116,876,1191,996,390,1164,9120,216,9336,1698,1977,1098,1020,1071,1053,408,1266,9588,234,9822,1989,2247,1383,1176,1167,1050,543,1425,10980,0,10980,1485,24,1062,21,861,345,1245,570,270,147,225,285,528,351,405,855,1125,135,438,10374,564,10938,1392,15,936,54,888,363,1215,609,273,114,201,216,534,321,444,903,1275,162,480,10401,435,10836,1605,18,1227,147,1200,405,1308,696,339,126,210,198,816,477,558,1014,1593,198,552,12690,0,12690,1050,12,732,12,603,315,1278,564,195,162,231,279,519,219,366,858,1167,162,435,9168,171,9336,1149,12,648,57,654,345,1323,609,237,114,222,213,516,198,384,954,1416,171,468,9693,132,9822,1341,15,840,132,969,336,1164,591,231,108,210,189,780,345,477,993,1578,159,528,10980,0,10980
049,Carterton District,2733,885,129,1731,5475,129,5604,3015,1047,243,2070,6375,222,6600,3492,1242,240,2484,7455,0,7455,2505,333,561,153,3549,72,3618,2904,309,624,162,4002,63,4062,3570,315,696,153,4734,0,4734,747,522,456,279,369,267,231,564,3432,186,3618,876,708,441,336,429,297,213,594,3891,171,4062,1029,954,582,462,453,360,273,618,4734,0,4734,618,315,300,174,267,192,189,531,2583,99,2682,714,375,336,207,288,174,240,558,2889,108,2994,768,537,399,258,315,228,291,573,3375,0,3375,684,9,402,12,309,87,348,156,96,45,63,81,186,96,156,228,261,51,138,3414,207,3618,699,6,372,24,336,114,384,180,135,48,87,54,252,108,249,324,372,42,150,3927,135,4062,654,6,477,51,417,141,384,258,165,36,105,81,405,147,312,390,465,54,189,4734,0,4734,642,15,540,6,132,57,228,90,54,9,45,63,114,150,66,123,144,39,90,2610,75,2682,681,6,555,9,252,60,246,117,93,15,21,69,162,90,66,207,171,30,99,2952,42,2994,597,3,543,48,297,84,243,150,165,21,33,66,228,144,117,246,246,30,111,3375,0,3375
050,South Wairarapa District,3483,1062,141,2109,6795,246,7041,3525,1260,261,2343,7392,285,7677,4239,1446,237,2736,8658,0,8658,2952,501,786,207,4446,99,4545,3180,459,843,201,4689,99,4785,4047,474,972,192,5685,0,5685,1146,693,531,321,456,291,219,666,4320,228,4545,1197,879,474,402,453,312,198,645,4560,228,4785,1545,1200,594,495,525,381,234,705,5685,0,5685,924,393,357,246,276,225,171,576,3168,96,3267,927,531,387,297,279,273,144,615,3459,87,3543,1167,678,468,378,324,321,186,594,4119,0,4119,1020,12,384,15,342,144,345,330,114,60,102,117,282,96,225,249,276,42,126,4278,267,4545,963,9,318,24,348,147,357,342,147,75,141,84,333,96,312,300,351,87,150,4584,201,4785,975,12,381,39,471,153,462,486,168,90,114,87,552,165,519,345,393,75,195,5685,0,5685,939,6,294,9,231,81,279,351,69,15,27,99,156,63,54,174,171,30,102,3147,117,3267,984,6,255,6,249,108,324,363,69,39,54,75,162,84,81,231,228,48,102,3474,69,3543,933,6,300,15,360,99,417,444,111,54,36,72,276,108,162,258,279,57,135,4119,0,4119
051,Tasman District,17355,5958,591,10152,34053,963,35016,17184,6324,987,11988,36486,1239,37725,20061,7623,1038,14136,42858,0,42858,16242,2154,3498,909,22797,513,23313,16578,1929,3750,810,23070,438,23508,20832,2136,3906,804,27681,0,27681,4434,3117,2772,1734,2229,1824,1428,4584,22128,1182,23313,4728,3807,2739,1848,2238,1791,1389,3945,22485,1023,23508,5448,4734,3390,2310,2730,2271,1743,5055,27681,0,27681,3507,2079,1944,1122,1668,1449,993,3492,16254,495,16749,3813,2703,2004,1311,1695,1455,1080,3231,17292,465,17754,4611,3735,2688,1818,2175,1848,1458,4356,22692,0,22692,4515,42,2532,114,1929,858,2229,1365,870,156,321,678,1101,744,387,1362,1680,411,900,22197,1113,23313,3957,84,2313,135,1905,846,2307,1449,882,186,339,654,1317,690,519,1611,1932,489,924,22536,972,23508,4572,54,2964,120,2565,1023,2712,1935,1107,165,369,483,1764,1128,765,1926,2259,564,1203,27681,0,27681,3897,27,1962,99,1200,573,1920,1182,423,108,222,501,786,507,222,897,897,276,690,16398,351,16749,3735,30,1740,135,1281,555,1881,1290,609,162,246,552,1035,492,300,1164,1176,345,690,17421,333,17754,4299,45,2442,96,2103,747,2217,1653,867,144,252,408,1317,885,558,1563,1659,483,960,22692,0,22692
052,Nelson City,16383,5640,969,10989,33981,669,34650,16410,6216,1416,12339,36381,1314,37692,19311,7119,1278,14145,41853,0,41853,17055,1515,2718,258,21549,477,22023,17571,1425,2907,291,22194,435,22626,21624,1458,3093,255,26430,0,26430,3042,4245,2760,1902,2538,2022,1230,3264,21003,1020,22023,3330,4842,2799,2169,2403,2160,1086,2934,21720,906,22626,3876,6039,3303,2718,2544,2616,1473,3858,26430,0,26430,3213,4581,2478,1908,2817,2043,1035,2829,20901,456,21357,3612,5316,2712,2229,2682,2172,987,2697,22407,498,22905,3927,6084,3090,2553,2676,2349,1272,3162,25122,0,25122,879,9,2736,93,1728,903,2517,1470,1068,270,480,714,1638,723,558,1497,2466,426,915,21084,939,22023,861,48,2277,105,1716,933,2574,1560,1068,255,447,591,1869,756,798,1686,2868,396,1011,21819,807,22626,1341,15,2688,120,2214,1059,2769,2025,1260,225,444,540,2484,1275,1065,2043,3195,516,1155,26430,0,26430,522,6,2721,69,1245,1002,2472,1413,1047,288,519,783,1716,657,633,1803,2760,447,990,21093,264,21357,594,12,2553,93,1521,1053,2694,1536,999,261,456,576,1905,636,888,2019,3285,462,1116,22656,249,22905,981,9,2574,111,2043,1047,2538,1833,1119,207,432,537,2583,1086,1077,2046,3246,477,1176,25122,0,25122
053,Marlborough District,17616,5118,582,10164,33474,1149,34623,16491,5451,1020,11307,34269,1398,35667,19530,6174,879,12501,39084,0,39084,16635,2094,2820,603,22149,582,22731,16398,1665,2814,618,21495,444,21939,20418,1674,3057,549,25701,0,25701,4206,2925,2946,1791,2214,1737,1266,4491,21579,1155,22731,4191,3294,2643,1932,2034,1746,1200,3891,20931,1008,21939,4971,4014,3120,2463,2364,2031,1812,4923,25701,0,25701,3810,2661,2349,1566,2109,1614,891,3492,18495,462,18954,3924,3030,2295,1737,1956,1614,951,3252,18759,516,19275,4584,3702,2817,2208,2181,1824,1551,4218,23088,0,23088,4053,51,2814,156,1851,600,2241,1512,948,270,312,687,933,525,1014,1065,1638,255,705,21639,1095,22731,3552,51,2871,168,1638,561,2139,1515,1017,174,318,627,954,633,855,1224,1791,285,729,21102,837,21939,3840,54,3582,192,2289,786,2307,1935,1200,138,309,537,1275,1242,1206,1356,2139,321,990,25701,0,25701,3348,45,2535,117,1272,525,2130,1422,663,258,273,609,834,393,837,1023,1470,219,666,18633,321,18954,3162,39,2679,138,1290,495,2055,1401,828,168,303,546,864,477,873,1182,1605,258,678,19044,231,19275,3423,48,3270,174,2007,702,2094,1746,1020,120,273,483,1179,1029,1137,1254,1941,279,900,23088,0,23088
054,Kaikoura District,1512,525,45,759,2838,111,2949,1371,540,69,822,2802,141,2943,1806,564,39,873,3282,0,3282,1275,267,333,84,1953,81,2037,1188,255,336,84,1863,51,1914,1716,228,351,78,2367,0,2367,495,186,276,183,168,153,108,339,1905,132,2037,513,207,189,174,168,159,84,327,1821,93,1914,573,285,270,231,204,192,177,432,2367,0,2367,447,168,204,171,156,144,69,285,1650,45,1698,477,195,159,153,168,162,60,270,1644,42,1686,543,285,228,183,183,156,156,357,2091,0,2091,339,0,120,12,183,48,177,405,144,21,15,36,30,51,33,102,93,30,54,1893,144,2037,324,3,99,12,147,30,207,354,132,15,21,36,48,48,48,114,105,30,54,1827,84,1914,294,6,108,30,390,36,210,372,159,9,24,33,99,114,141,135,114,33,69,2367,0,2367,294,0,111,12,108,45,168,372,120,21,15,33,21,42,33,99,84,33,48,1662,33,1698,288,3,87,12,108,30,204,348,108,12,18,33,51,39,42,114,93,30,54,1671,15,1686,267,6,102,27,324,30,183,333,156,9,21,30,96,96,111,111,96,39,60,2091,0,2091
055,Buller District,3441,1239,228,2676,7584,204,7788,3798,1248,255,2790,8097,414,8514,3231,1284,300,3189,8004,0,8004,3369,408,492,144,4410,267,4680,3879,402,504,132,4917,132,5049,3573,372,432,135,4515,0,4515,864,525,525,363,384,270,579,780,4284,393,4680,948,627,591,393,417,321,669,822,4788,261,5049,957,594,519,477,393,306,456,813,4515,0,4515,789,486,453,321,366,258,465,627,3759,105,3867,921,618,588,369,399,312,681,765,4659,129,4785,894,519,429,402,366,267,384,687,3951,0,3951,687,351,375,39,309,81,528,384,207,36,54,57,168,93,96,285,312,75,117,4254,423,4680,645,792,306,27,456,114,417,405,192,39,48,84,237,105,96,285,345,93,144,4821,228,5049,669,201,219,36,432,114,438,498,186,33,81,63,183,234,150,324,414,114,123,4515,0,4515,579,345,348,36,216,78,468,399,141,24,39,51,162,78,90,267,267,72,114,3783,84,3867,591,951,294,27,411,93,411,417,162,33,42,75,231,72,90,267,315,93,141,4719,72,4785,618,183,183,33,360,99,387,441,159,30,72,54,162,204,123,279,366,90,105,3951,0,3951
056,Grey District,5226,1698,219,3027,10170,195,10365,5001,1575,369,3057,10002,711,10713,5295,1665,372,3450,10779,0,10779,5241,498,729,177,6648,279,6924,5133,429,726,159,6447,126,6573,5775,363,702,117,6960,0,6960,1035,945,855,546,747,561,660,1137,6486,441,6924,996,984,834,576,726,543,645,960,6267,309,6573,1104,1092,870,684,705,591,675,1236,6960,0,6960,960,996,714,489,729,519,483,888,5775,126,5904,954,1059,729,582,705,519,441,816,5814,162,5976,1038,1131,804,615,675,555,582,1035,6432,0,6432,648,240,714,21,597,204,738,552,297,72,114,120,300,165,225,495,624,87,243,6459,468,6924,480,255,594,24,639,195,693,483,339,75,87,129,246,333,222,504,726,78,225,6315,255,6573,528,147,819,48,690,162,711,621,393,69,90,96,303,330,309,456,810,108,264,6960,0,6960,468,180,630,15,471,192,705,468,240,72,117,111,303,132,231,504,657,78,228,5799,105,5904,426,123,519,12,528,186,684,444,273,81,87,99,240,315,246,519,822,78,216,5904,75,5976,492,120,705,45,624,141,669,546,351,72,84,87,294,288,312,447,798,96,255,6432,0,6432
057,Westland District,3615,1020,108,1695,6438,339,6777,3489,1011,174,1761,6432,339,6771,3975,1137,153,1926,7191,0,7191,3213,441,621,138,4416,219,4632,3294,417,546,147,4398,102,4500,3975,399,597,141,5115,0,5115,957,582,516,483,378,294,297,768,4275,360,4632,1014,603,495,441,366,303,327,708,4254,249,4500,1143,726,612,627,390,366,390,858,5115,0,5115,870,450,426,405,351,252,228,633,3621,105,3726,885,462,417,351,324,276,285,594,3594,126,3720,1059,561,516,519,345,321,330,729,4374,0,4374,681,42,588,24,321,87,375,669,120,18,42,66,126,171,90,234,324,180,111,4275,357,4632,669,84,576,21,420,69,387,537,135,27,48,72,141,123,105,261,324,192,120,4305,195,4500,621,93,672,24,447,102,390,879,204,24,33,93,165,216,162,261,363,204,159,5115,0,5115,609,33,564,24,213,75,336,651,81,9,33,60,93,144,60,207,213,153,90,3648,78,3726,597,69,567,24,315,45,330,522,108,18,42,60,108,105,66,228,177,174,111,3669,51,3720,582,84,618,15,363,81,339,792,162,21,21,84,138,186,129,210,231,183,135,4374,0,4374
058,Hurunui District,4284,1413,129,2181,8010,231,8241,4671,1569,159,2499,8898,381,9279,5277,1788,195,2874,10131,0,10131,3243,756,1137,408,5547,150,5697,3885,714,1128,390,6114,126,6240,4845,708,1113,396,7065,0,7065,1602,573,588,393,414,297,324,1128,5319,378,5697,1698,666,696,468,477,330,381,1206,5919,321,6240,2121,873,816,573,546,408,507,1221,7065,0,7065,1476,387,390,303,321,198,174,978,4236,186,4422,1539,489,504,351,369,252,252,1056,4812,171,4983,1953,627,618,441,423,321,375,1056,5814,0,5814,2112,3,366,27,294,129,309,444,204,27,54,156,162,96,84,288,300,117,150,5325,372,5697,2088,12,405,42,483,183,342,471,231,27,45,189,219,108,132,360,330,141,180,5988,252,6240,2229,6,492,54,645,207,432,582,264,51,57,129,330,198,192,441,393,156,201,7065,0,7065,1974,6,219,18,186,135,204,414,93,18,24,141,96,69,51,243,183,99,117,4287,135,4422,2016,12,264,45,315,111,261,438,120,27,27,198,150,69,111,306,174,129,129,4896,84,4983,2127,6,375,45,492,129,324,528,186,39,33,111,219,135,174,345,264,126,150,5814,0,5814
059,Waimakariri District,16602,5427,687,9768,32484,651,33135,19563,6315,1005,11745,38625,1170,39798,23925,7806,1305,15048,48090,0,48090,16410,1671,2877,663,21621,408,22029,19557,1947,3321,669,25491,384,25878,25518,2109,3480,633,31734,0,31734,3822,3096,3330,1641,2580,2025,1548,2877,20919,1110,22029,4644,4152,3948,2013,3096,2262,1602,3084,24798,1077,25878,5925,5613,4986,2799,3675,3048,2208,3489,31734,0,31734,2172,1617,1374,813,1233,1119,618,1656,10599,378,10977,2775,2238,1968,1122,1665,1359,750,2028,13905,402,14307,3822,3357,3105,1872,2019,2040,1266,2559,20037,0,20037,2016,24,3159,183,2133,1218,2277,849,1080,258,570,642,1203,525,645,1260,1743,303,948,21033,996,22029,2004,51,2916,303,3573,1269,2604,969,1143,240,645,660,1569,723,981,1665,2235,372,1113,25035,840,25878,1983,72,3666,360,4704,1566,3294,1308,1395,309,609,693,2370,1047,1461,2136,2808,501,1458,31734,0,31734,1767,12,1290,105,897,450,1410,537,255,84,159,393,579,177,195,1020,693,153,519,10689,288,10977,1791,24,1548,192,1737,504,1755,690,294,90,222,411,828,339,393,1302,987,258,711,14073,231,14307,1785,42,2112,255,2985,789,2316,987,651,165,276,414,1305,600,768,1575,1662,363,990,20037,0,20037
060,Christchurch City,134301,43806,8481,90102,276690,6096,282783,133404,40206,9303,86010,268923,11688,280611,153480,46011,11466,94350,305310,0,305310,144015,10785,17220,1848,173868,4242,178107,142542,9711,16452,1512,170214,3396,173610,171777,9507,16824,1389,199494,0,199494,25188,35238,22815,16026,21579,19059,10992,17610,168510,9597,178107,25497,38736,23358,15165,20334,16521,9765,16755,166134,7476,173610,29739,47562,28521,19725,21591,19893,12651,19806,199494,0,199494,25320,34845,20505,14562,22605,18654,9612,15135,161232,4830,166062,27426,40959,22782,15231,22620,17478,9762,15522,171777,4281,176058,31539,49398,27675,18870,23310,19458,12090,17430,199773,0,199773,2715,63,22674,633,12756,9687,19722,12042,8994,3543,5631,5394,13878,6129,5751,12996,16926,3285,7374,170184,7926,178107,2451,129,17772,954,19674,8883,17832,9657,7914,2901,5391,4251,15429,5595,7353,13347,18567,2961,6636,167688,5919,173610,2751,144,20283,1311,23433,10038,19854,13575,8724,2745,4584,4320,21087,9516,8742,15450,21006,3297,8637,199494,0,199494,1920,57,23787,621,9135,10092,19695,11328,7866,3546,5982,5376,13776,4998,5679,12597,16698,3216,7467,163839,2220,166062,1983,138,19500,1062,17775,9987,18864,9636,8355,3084,6141,4575,16467,5280,7911,13581,19914,3027,7074,174354,1707,176058,2136,108,20652,1383,22578,10686,19542,12420,8907,2772,5046,4410,22182,8484,9189,15504,21726,3246,8802,199773,0,199773
062,Selwyn District,14619,4398,447,5913,25380,525,25905,19194,5607,741,8145,33687,975,34662,27345,7806,1053,10905,47112,0,47112,13656,1779,2571,735,18741,279,19017,18597,2184,2976,732,24486,315,24801,28332,2493,3534,795,35151,0,35151,4122,2904,2244,1821,2175,1353,1140,2367,18126,894,19017,5463,4347,3033,2151,2895,1707,1425,2790,23811,993,24801,7932,6927,4470,3288,4167,2733,2268,3366,35151,0,35151,2685,1860,1053,1053,1059,489,504,1791,10497,441,10938,3612,2628,1833,1488,1506,810,882,2343,15099,543,15639,5079,3918,2919,2388,2154,1515,1503,2868,22347,0,22347,3228,24,2130,72,1287,882,1485,741,897,162,447,468,1185,456,1386,1218,1209,309,681,18270,750,19017,3390,60,2577,147,2517,1362,1797,813,1143,189,612,600,1680,627,1755,1830,1737,465,822,24126,678,24801,3519,84,3891,249,4116,2121,2592,1356,1623,288,804,633,3192,1359,2358,2790,2313,528,1332,35151,0,35151,3093,12,867,15,519,258,693,507,246,36,120,213,945,183,909,1074,393,204,378,10671,264,10938,3420,33,1449,42,1479,495,996,636,411,69,165,369,1125,315,1356,1596,663,333,450,15399,243,15639,3363,66,2613,96,2625,1047,1440,984,774,168,279,351,1632,1086,1599,2049,1059,360,753,22347,0,22347
063,Ashburton District,11436,3624,330,6162,21549,153,21705,12840,3816,498,6732,23886,732,24618,14211,4281,633,7491,26613,0,26613,10824,1635,1752,540,14754,306,15060,12459,1695,1620,501,16272,381,16653,14730,1698,1542,522,18492,0,18492,3285,1449,1809,876,1461,1113,1122,3171,14286,774,15060,3813,1809,1887,984,1512,1266,1245,3381,15900,756,16653,4506,2217,2202,1266,1626,1449,1491,3738,18492,0,18492,3018,1392,1434,747,1365,1026,825,2628,12432,423,12855,3627,1755,1674,900,1404,1200,1017,3048,14622,384,15006,4314,2034,1956,1077,1500,1260,1263,3234,16635,0,16635,3645,42,2517,129,918,627,1446,651,483,129,252,303,546,297,189,672,879,174,486,14379,681,15060,3960,21,2526,123,1407,750,1539,696,525,150,258,306,615,273,291,849,984,177,585,16032,624,16653,4533,30,2346,168,1668,864,1551,852,606,141,282,270,1263,501,435,993,1110,171,705,18492,0,18492,3252,33,2166,108,633,552,1356,606,330,126,249,279,495,192,174,645,825,156,450,12627,228,12855,3717,15,2343,114,1155,705,1479,669,420,168,255,288,570,210,261,870,915,168,516,14826,177,15006,4323,24,2010,168,1506,753,1353,753,501,108,270,255,1152,375,402,909,981,159,636,16635,0,16635
064,Timaru District,15771,5388,825,12111,34095,522,34614,16299,5517,945,12153,34914,1062,35976,18456,5751,951,12846,38004,0,38004,16518,1671,2064,447,20700,459,21156,17385,1572,2016,429,21402,414,21819,20274,1530,1944,462,24207,0,24207,3327,2835,2811,1638,2211,1887,1548,3822,20076,1080,21156,3504,3030,2853,1809,2190,1944,1635,3837,20799,1017,21819,4113,3738,3375,2088,2277,2058,1935,4620,24207,0,24207,3075,2814,2304,1437,2154,1740,1161,3093,17772,525,18297,3321,3072,2574,1710,2157,1845,1395,3465,19539,555,20091,3882,3642,3108,1965,2199,1896,1737,4059,22488,0,22488,2439,24,3660,108,1626,822,2364,1110,885,243,411,468,867,501,516,1326,1854,237,759,20217,942,21156,2328,30,3396,168,1842,1065,2373,1095,1074,234,369,462,900,477,603,1419,2190,216,789,21033,783,21819,2334,36,4470,201,2286,1098,2379,1365,1266,195,360,336,1215,741,819,1596,2397,201,918,24207,0,24207,2016,12,3264,90,1086,750,2241,1044,699,231,402,435,810,438,525,1311,1746,210,705,18021,279,18297,2130,24,3204,165,1494,987,2355,1047,951,240,357,453,864,414,576,1425,2220,198,771,19860,228,20091,2163,30,4065,183,2109,1026,2193,1263,1161,180,363,309,1152,648,774,1485,2346,189,858,22488,0,22488
065,Mackenzie District,1719,474,33,765,2991,54,3045,1803,510,45,822,3177,150,3327,2451,660,30,924,4065,0,4065,1353,234,390,129,2106,84,2193,1527,255,393,99,2277,36,2313,2292,294,414,114,3111,0,3111,546,246,243,225,162,108,111,381,2019,174,2193,639,279,246,195,183,135,102,411,2190,123,2313,867,345,354,354,249,231,162,546,3111,0,3111,543,210,210,204,135,96,81,336,1815,90,1902,621,231,219,183,165,132,75,393,2019,81,2100,804,297,306,300,222,195,126,486,2742,0,2742,582,3,66,42,153,18,111,417,81,6,15,57,54,78,51,132,72,63,42,2040,153,2193,624,0,66,57,201,33,141,375,75,9,12,51,66,102,39,144,72,111,57,2238,75,2313,702,0,123,72,285,36,198,708,105,6,30,42,87,192,63,174,96,117,78,3111,0,3111,552,0,60,21,114,15,114,408,60,3,12,54,45,69,51,126,33,60,42,1842,60,1902,603,0,60,24,162,27,138,387,57,9,15,48,51,105,33,138,36,117,57,2070,30,2100,648,0,96,66,240,21,174,627,81,6,21,39,78,174,63,162,57,111,69,2742,0,2742
066,Waimate District,2616,891,102,2016,5625,93,5718,2661,897,150,2160,5868,321,6186,3081,966,177,2235,6456,0,6456,2178,396,612,234,3423,81,3507,2340,390,540,219,3483,72,3558,2904,435,477,237,4047,0,4047,981,321,333,237,261,171,225,753,3279,228,3507,978,333,333,237,264,165,225,825,3363,192,3558,1269,402,432,294,273,198,306,870,4047,0,4047,897,216,192,135,198,123,147,516,2424,114,2538,897,219,198,159,192,120,147,609,2544,105,2652,1200,285,306,204,225,129,231,693,3273,0,3273,1362,0,375,6,168,66,213,120,78,21,57,54,99,42,87,195,231,18,102,3300,207,3507,1350,3,345,6,219,81,228,102,120,15,39,81,105,54,96,201,243,21,96,3396,159,3558,1530,3,456,15,306,126,216,138,171,12,36,45,147,72,117,219,297,30,108,4047,0,4047,1227,0,171,3,111,36,156,87,66,9,45,51,75,27,57,156,111,15,75,2472,66,2538,1275,3,153,0,150,39,180,87,81,3,24,69,66,36,63,153,126,18,75,2598,54,2652,1461,3,360,3,225,72,165,96,141,6,21,36,93,54,87,180,174,21,81,3273,0,3273
067,Chatham Islands Territory,276,87,6,81,450,21,471,273,75,9,108,465,12,477,318,108,9,114,552,0,552,216,36,66,30,348,12,363,222,48,51,18,339,9,348,306,33,60,24,423,0,423,78,39,30,24,39,6,12,99,330,33,363,72,42,33,18,36,6,6,108,324,21,348,81,51,39,27,57,12,18,141,423,0,423,69,42,24,21,36,3,12,66,273,9,282,75,42,39,18,36,9,12,93,324,12,336,81,54,39,30,54,12,21,135,426,0,426,138,0,21,3,15,3,6,18,21,0,6,12,6,3,9,21,15,15,12,330,33,363,126,0,30,3,15,3,9,33,21,0,6,9,6,3,15,21,12,12,6,324,21,348,123,3,36,3,27,15,9,36,27,0,3,3,18,24,27,24,18,18,12,423,0,423,93,0,18,3,9,6,9,15,21,0,6,12,9,6,9,21,15,12,12,276,3,282,111,6,30,3,24,3,12,36,18,0,6,12,6,3,15,21,15,15,3,330,6,336,120,3,36,3,30,15,9,33,30,3,3,6,18,24,30,24,21,18,15,426,0,426
068,Waitaki District,7413,2583,318,5802,16113,288,16404,7326,2544,396,5856,16125,873,16998,8529,2826,441,6441,18237,0,18237,7080,870,1338,429,9723,270,9993,7218,876,1185,366,9648,225,9873,8910,870,1170,402,11355,0,11355,1941,1029,1263,789,879,819,705,1989,9411,582,9993,2100,1137,1167,762,837,816,621,1971,9414,459,9873,2415,1305,1377,1005,957,1026,825,2439,11355,0,11355,1773,987,981,633,813,726,504,1491,7908,246,8157,1953,1185,1056,711,810,783,603,1815,8916,222,9138,2241,1248,1251,888,882,969,756,2148,10386,0,10386,1851,129,1569,75,717,279,1002,636,306,81,111,252,312,225,159,555,753,114,282,9405,588,9993,1890,132,1416,120,747,342,993,603,273,63,141,225,381,156,198,567,771,114,312,9453,420,9873,2034,198,1434,207,909,777,1095,861,339,66,90,207,468,246,327,648,912,138,393,11355,0,11355,1584,141,1281,78,474,213,909,579,219,72,108,225,270,177,126,531,636,96,255,7971,183,8157,1734,309,1389,144,603,303,942,585,204,69,144,219,339,120,171,546,795,108,288,9018,120,9138,1905,324,1173,192,804,681,1071,795,273,54,81,186,432,219,300,591,810,114,378,10386,0,10386
069,Central Otago District,7125,2076,201,3912,13317,264,13584,7377,2352,261,4269,14256,378,14634,9615,2991,276,5025,17907,0,17907,6450,999,1185,360,8994,207,9204,6894,939,1332,366,9531,198,9729,9585,1074,1545,402,12606,0,12606,1875,1086,1302,639,903,744,543,1650,8742,459,9204,2037,1305,1290,720,918,765,603,1650,9288,441,9729,2817,1791,1860,909,1140,1089,849,2154,12606,0,12606,1695,1035,924,540,828,678,309,1299,7308,198,7506,1950,1347,1134,696,870,759,498,1536,8793,255,9045,2541,1620,1569,804,1005,951,708,1884,11079,0,11079,2007,27,570,90,1164,273,918,606,339,66,126,228,429,264,186,450,585,117,312,8754,447,9204,2034,99,636,114,1062,315,1008,645,354,60,135,243,486,240,240,552,693,162,300,9381,348,9729,2307,57,813,147,1917,489,1206,861,489,66,132,279,729,525,363,753,813,213,441,12606,0,12606,1770,15,510,60,723,234,840,525,213,51,114,198,384,201,159,426,558,120,270,7377,129,7506,1974,75,642,105,876,294,972,627,297,63,123,234,450,225,231,576,693,171,294,8919,126,9045,2178,42,714,135,1566,414,1053,771,417,63,114,234,633,450,312,654,756,186,387,11079,0,11079
070,Queenstown-Lakes District,12048,2628,249,3438,18360,852,19209,13410,3297,426,4584,21717,1317,23034,21660,4629,354,5985,32634,0,32634,9996,1608,2319,282,14205,468,14673,11580,1644,2823,306,16353,351,16707,20109,2250,3615,315,26289,0,26289,3261,2040,2379,1632,1380,1380,603,1311,13986,687,14673,3669,2772,2490,1875,1560,1617,627,1512,16125,582,16707,5664,4341,4305,3099,2310,2787,1176,2607,26289,0,26289,2874,1842,1854,1365,1314,1293,456,1095,12099,186,12282,3417,2538,2136,1695,1536,1539,531,1329,14721,261,14982,5157,3873,3687,2670,2160,2451,996,2193,23190,0,23190,555,24,540,51,2271,264,1587,2616,675,234,288,633,1014,771,159,519,492,744,420,13863,810,14673,594,30,558,63,2049,348,1773,3027,783,258,405,732,1275,864,357,780,717,903,564,16074,630,16707,720,42,1023,114,4050,636,2652,5067,1254,276,450,1068,2268,1737,657,1086,1068,1332,786,26289,0,26289,471,18,495,48,1638,249,1506,2436,516,198,258,588,972,621,138,498,423,630,402,12096,189,12282,522,18,507,60,1695,315,1734,2916,660,234,372,696,1203,735,336,735,630,870,546,14778,207,14982,597,24,900,87,3537,519,2349,4539,1095,237,378,951,2088,1467,594,963,933,1191,735,23190,0,23190
071,Dunedin City,42255,15879,3729,34530,96393,2316,98709,40605,15417,4560,36198,96783,4044,100827,45888,17940,4596,37917,106341,0,106341,47913,3177,4869,777,56733,1401,58134,46515,2838,4869,735,54957,1068,56022,55155,2841,5127,708,63831,0,63831,7191,12405,7287,5757,7089,5823,2919,6861,55329,2802,58134,7932,13398,6396,5958,6333,5355,2511,5772,53664,2361,56022,8730,16422,7761,7461,7029,6396,3174,6858,63831,0,63831,6660,11523,5880,4893,6714,5193,2247,5478,48588,1158,49746,7383,12576,5523,5283,5982,4887,2022,4839,48492,1221,49710,8196,15537,6969,6576,6621,5682,2751,5754,58092,0,58092,1548,180,6225,327,3849,2265,6423,4965,2202,1023,1344,1242,3204,1752,2127,5856,7107,1266,2466,55365,2766,58134,1575,315,4038,273,3819,2235,6204,4497,2133,981,1275,1320,3780,1668,2418,6882,7299,1227,2178,54114,1908,56022,1425,465,4536,396,5190,2559,6399,5049,2466,894,1119,1131,5082,2346,3270,8847,8715,1383,2553,63831,0,63831,1107,51,5760,273,2532,2028,5979,4518,1734,984,1275,1119,2937,1365,1935,5493,6462,1152,2274,48984,765,49746,1290,57,3669,243,3039,2007,5868,4257,1857,897,1137,1179,3570,1401,2169,6516,6807,1146,2058,49176,534,49710,1239,258,4086,381,4674,2256,5751,4473,2190,795,1059,1032,4734,1971,2976,8361,8208,1260,2385,58092,0,58092
072,Clutha District,7074,2010,210,3495,12789,207,12999,6843,2040,321,3600,12804,582,13386,7539,2235,393,4086,14256,0,14256,6030,960,1392,495,8880,207,9084,6129,912,1170,447,8658,222,8883,7323,849,1149,453,9774,0,9774,2295,780,972,528,657,486,720,2070,8514,570,9084,2217,885,918,603,636,510,669,1959,8400,483,8883,2523,1035,1050,783,702,570,738,2373,9774,0,9774,2106,687,759,387,531,396,456,1467,6786,300,7089,2049,816,759,579,546,405,489,1704,7347,231,7578,2388,915,864,702,609,471,633,2124,8712,0,8712,2973,27,1506,21,537,129,663,324,330,54,81,150,252,117,138,519,516,54,243,8634,450,9084,2766,27,1287,30,561,156,669,321,333,36,78,177,279,105,273,552,555,54,249,8514,369,8883,3105,42,1521,51,687,177,672,435,381,36,54,87,363,165,354,609,669,66,309,9774,0,9774,2523,24,1137,12,396,75,558,297,201,39,54,111,216,81,108,495,366,36,198,6933,153,7089,2490,24,1242,30,414,99,576,297,234,27,51,147,213,60,375,540,429,39,204,7482,96,7578,2943,33,1389,39,594,123,579,366,309,27,36,78,345,117,381,525,534,45,252,8712,0,8712
073,Southland District,13143,3384,327,4842,21696,297,21993,12807,3696,441,5346,22293,786,23079,13956,4053,519,5802,24333,0,24333,9975,2118,3033,981,16107,417,16527,10497,2184,2568,885,16137,366,16503,12579,2112,2385,933,18012,0,18012,5145,1449,1569,894,1116,792,1140,3318,15426,1101,16527,5370,1617,1542,903,1143,759,1134,3204,15672,831,16503,6000,1905,1710,1152,1290,921,1437,3597,18012,0,18012,4632,996,1098,621,783,516,816,2865,12321,591,12912,4977,1164,1233,687,876,525,1077,3261,13800,486,14289,5664,1422,1347,849,1011,684,1302,3339,15612,0,15612,6621,66,1512,36,741,330,951,942,828,69,213,324,465,252,222,750,651,234,423,15624,900,16527,6726,96,1233,45,900,402,930,891,825,69,201,348,474,246,234,801,735,252,450,15858,642,16503,7008,138,1386,63,1098,684,1089,1200,915,54,174,243,591,441,357,882,882,297,504,18012,0,18012,5877,66,1572,15,474,147,681,876,612,39,60,255,270,126,87,648,282,201,303,12600,312,12912,6396,99,1713,45,666,210,660,828,834,60,63,279,342,174,108,690,318,216,354,14055,234,14289,6786,129,1293,42,861,615,810,1053,840,36,84,198,414,348,222,789,489,249,354,15612,0,15612
074,Gore District,4827,1530,195,2817,9372,180,9549,4629,1464,246,2955,9294,330,9624,5121,1539,261,3108,10023,0,10023,4662,576,729,225,6189,168,6354,4578,528,624,201,5931,159,6090,5274,531,630,222,6657,0,6657,1128,621,810,426,561,597,429,1437,6003,348,6354,1140,669,804,456,501,543,414,1245,5775,318,6090,1347,756,948,561,495,612,492,1452,6657,0,6657,1086,621,603,360,537,558,240,1146,5151,159,5310,1140,696,693,450,504,537,276,1071,5373,150,5526,1302,777,849,513,492,594,417,1233,6171,0,6171,1188,39,1182,15,399,252,759,267,237,33,102,120,189,93,123,339,408,48,237,6027,327,6354,1245,24,873,18,429,264,672,300,201,33,102,120,213,87,141,333,456,45,276,5838,252,6090,1302,45,888,21,483,447,735,321,246,33,69,93,306,162,183,435,477,63,345,6657,0,6657,945,21,1005,9,261,225,741,252,150,36,108,105,195,51,108,327,396,39,246,5217,90,5310,1095,36,810,12,315,261,705,309,153,33,105,117,207,63,129,321,477,36,273,5460,63,5526,1167,48,741,18,432,462,714,312,198,27,93,90,312,132,168,387,483,54,342,6171,0,6171
075,Invercargill City,19278,6054,1401,12456,39192,861,40050,19500,5991,1677,12816,39978,1461,41439,21885,6561,1650,13551,43644,0,43644,21276,1518,1653,279,24723,609,25332,21723,1374,1545,255,24897,594,25488,25374,1329,1509,234,28446,0,28446,2913,4014,3672,2223,2904,2544,1608,4299,24183,1152,25332,3150,4383,3462,2394,2715,2445,1566,4185,24303,1188,25488,3360,5202,3972,2970,2907,2592,2148,5298,28446,0,28446,2775,4083,3006,2016,2985,2490,1146,2679,21183,435,21618,3030,4542,3108,2292,2766,2439,1173,3132,22473,561,23034,3237,5238,3666,2763,2895,2439,1806,4035,26076,0,26076,1140,33,4356,84,1857,1053,2949,1317,999,348,870,489,1218,612,1074,1719,2517,321,1188,24153,1179,25332,1320,57,3912,147,1938,1008,2841,1272,1038,270,795,489,1218,501,1062,1941,3033,417,1206,24474,1017,25488,1116,72,4692,201,2409,1755,2994,1629,1194,174,639,411,1746,822,1314,2154,3312,489,1314,28446,0,28446,696,15,2898,84,1347,1029,2982,1215,729,342,855,483,1272,495,1089,1719,2565,303,1167,21285,336,21618,999,30,2997,141,1605,1014,2913,1203,786,273,855,444,1209,414,1113,1956,3186,411,1206,22752,282,23034,807,42,3702,207,2250,1563,2853,1455,1041,171,663,402,1752,696,1296,2082,3336,462,1293,26076,0,26076
076,Auckland,496071,132777,37305,305358,971514,44334,1015848,513204,137406,57483,349923,1058016,61179,1119195,652797,171738,51561,381783,1257879,0,1257879,484908,40374,77406,8907,611595,17259,628851,509703,37263,79587,8688,635247,15366,650613,691473,41610,83694,7758,824535,0,824535,106368,134601,75474,45837,85509,64464,35994,46656,594903,33948,628851,116304,157725,70044,52644,80613,63345,31470,45639,617784,32829,650613,149265,213384,94101,74670,96174,82635,48756,65550,824535,0,824535,97422,124932,59031,38082,80001,57453,27963,35127,520008,13590,533595,110829,152178,61314,47592,77811,60228,27537,38724,576210,16338,592548,140667,202524,84111,66246,89850,74382,42441,55452,755670,0,755670,9333,414,71124,2559,45474,45609,59310,30996,29379,18141,28350,19146,64101,25461,20145,44697,44532,10125,24744,593649,35202,628851,8496,393,61728,3276,43992,44412,60228,35103,29577,17196,33165,18504,70905,25608,24456,51477,56565,11997,25665,622749,27861,650613,9207,582,78852,5145,73683,54867,73275,52764,40578,20232,30594,19245,103464,43575,34803,65784,71619,15339,30927,824535,0,824535,7782,315,65418,2148,29094,42870,53553,27105,22239,16923,26862,17670,60366,20064,17688,41910,40080,8937,22449,523473,10122,533595,7398,288,59196,3039,34689,43488,57519,33054,25932,16440,32151,17637,69081,22209,23004,50016,53775,11325,24345,584583,7965,592548,7443,468,72600,4686,65685,50874,65763,46188,36813,18798,28989,18057,98118,38394,32196,61311,66768,14019,28497,755670,0,755670
999,Area Outside Territorial Authority,96,9,3,48,153,15,171,15,3,3,18,42,9,48,15,3,0,15,36,0,36,63,9,3,0,78,27,102,15,0,6,0,18,3,21,18,0,0,0,18,0,18,18,9,9,15,3,0,3,12,72,30,102,3,3,3,3,0,0,3,6,18,3,21,6,0,3,3,0,0,3,9,18,0,18,15,15,18,3,3,3,12,18,81,3,84,9,9,12,3,3,0,12,27,84,3,87,C,C,C,C,C,C,C,C,12,C,12,6,9,6,3,3,0,0,3,9,0,3,6,15,3,3,3,3,6,0,75,30,102,C,C,C,C,C,C,C,C,C,C,C,C,C,C,C,C,C,C,C,15,C,21,6,C,C,C,C,C,C,C,C,C,C,C,C,C,C,C,C,C,C,18,C,18,6,6,3,0,9,0,0,0,24,3,0,6,0,6,0,3,3,6,3,78,6,84,9,12,6,0,6,0,0,3,21,0,0,0,3,6,3,0,6,0,0,81,6,87,C,C,C,C,C,C,C,C,C,C,C,C,C,C,C,C,C,C,C,12,C,12
Total,Total NZ (Territorial Authority),1531020,454758,106497,961788,3054063,106308,3160371,1541061,459945,153210,1058100,3212316,164100,3376419,1891371,553770,151035,1180179,3776352,3,3776355,1511250,142881,234954,39567,1928655,57123,1985778,1553508,129867,235920,37719,1957011,43992,2001009,2021400,137706,250062,35970,2445141,0,2445141,340530,374328,241857,156471,240816,186060,114327,218991,1873371,112404,1985778,356076,426699,227817,171036,227991,176817,103575,210588,1900599,100407,2001009,441087,562269,294882,233100,266082,224376,147258,276087,2445141,0,2445141,340530,374328,241857,156471,240816,186060,114327,218991,1873371,112404,1985778,356076,426699,227817,171036,227991,176817,103575,210588,1900599,100407,2001009,441087,562269,294882,233100,266082,224376,147258,276087,2445141,0,2445141,135426,4152,217755,9738,149361,98340,196065,111102,81771,37647,64143,54543,154215,66195,81321,142113,160290,32685,77808,1874664,111111,1985778,129420,5883,188286,13755,152823,96879,188634,112368,81894,35433,68736,49863,167817,65961,97329,160617,191691,36276,77730,1921392,79614,2001009,143139,6063,238410,18006,226149,119928,219147,159753,105138,38892,64941,49125,242619,111651,132279,198015,232128,44466,95289,2445141,0,2445141,135426,4152,217755,9738,149361,98340,196065,111102,81771,37647,64143,54543,154215,66195,81321,142113,160290,32685,77808,1874664,111111,1985778,129420,5883,188286,13755,152823,96879,188634,112368,81894,35433,68736,49863,167817,65961,97329,160617,191691,36276,77730,1921392,79614,2001009,143139,6063,238410,18006,226149,119928,219147,159753,105138,38892,64941,49125,242619,111651,132279,198015,232128,44466,95289,2445141,0,2445141
,,,,,,,,,,,,,,,,,,,,,,,,,,,,,,,,,,,,,,,,,,,,,,,,,,,,,,,,,,,,,,,,,,,,,,,,,,,,,,,,,,,,,,,,,,,,,,,,,,,,,,,,,,,,,,,,,,,,,,,,,,,,,,,,,,,,,,,,,,,,,,,,,,,,,,,,,,,,,,,,,,,,,,,,,,,,,,,,,,,,,,,,,,,,,,,,,,,,,,,,,,,,,,,,,,,,,,,,,,,,,,,,,,,,,,,,,,,,,,,,,